a,k,k h,Omega_cdm,Omega_b,Omega_m,A_s,h,k_horizon,sigma8,delta_cdm,delta_b,delta_m,delta_prime_cdm,delta_prime_b,delta_prime_m
0.03001042,0.01681133,0.025863584615384613,0.2513226502018911,0.04867734979810887,0.3,2e-09,0.65,0.0066554983335033666,0.7487395865324111,-115.88450000000000273,-105.271199999999993224,-114.162408944625763434,-3763.9186584052190483,-3729.3562316577572346,-3758.3106339496929933
0.03003639,0.2784455,0.4283776923076923,0.2513226502018911,0.04867734979810887,0.3,2e-09,0.65,0.0066554983335033666,0.7487395865324111,-1083.4459999999999127,-959.5340999999999667,-1063.3403236651722228,-35187.918140577807208,-34902.39370842410426,-35141.589565044961617
0.03005617,0.1024415,0.15760230769230768,0.2513226502018911,0.04867734979810887,0.3,2e-09,0.65,0.0066554983335033666,0.7487395865324111,-614.0924999999999727,-534.1508000000000038,-601.1213330188150012,-19883.935832873987238,-19679.111490051265719,-19850.701478931487825
0.0300685,0.06642447,0.1021914923076923,0.2513226502018911,0.04867734979810887,0.3,2e-09,0.65,0.0066554983335033666,0.7487395865324111,-442.82920000000001437,-376.5532000000000039,-432.07539988260176947,-14289.7589450637624395,-14111.152352456130757,-14260.778626448395248
0.0300716,0.04953792,0.0762121846153846,0.2513226502018911,0.04867734979810887,0.3,2e-09,0.65,0.0066554983335033666,0.7487395865324111,-365.7740999999999758,-336.84100000000000819,-361.07947790185440945,-11922.2735565289276565,-11868.016274187093586,-11913.4698874900988335
0.03010663,0.01060726,0.01631886153846154,0.2513226502018911,0.04867734979810887,0.3,2e-09,0.65,0.0066554983335033666,0.7487395865324111,-62.20383000000000351,-59.83404000000000167,-61.819313010739797464,-2015.5608405780947123,-2007.3929078440173726,-2014.235529515347491
0.03012679,0.008425647,0.012962533846153845,0.2513226502018911,0.04867734979810887,0.3,2e-09,0.65,0.0066554983335033666,0.7487395865324111,-43.724490000000002965,-42.689759999999999707,-43.556596952811342086,-1409.0356274777195722,-1405.3706100716583478,-1408.4409496967494451
0.03013801,0.1979325,0.30451153846153844,0.2513226502018911,0.04867734979810887,0.3,2e-09,0.65,0.0066554983335033666,0.7487395865324111,-915.2255999999999858,-808.0661000000000058,-897.8381317810317659,-29612.477564205029921,-29364.328849872799765,-29572.213491640024666
0.03013961,0.01335375,0.020544230769230766,0.2513226502018911,0.04867734979810887,0.3,2e-09,0.65,0.0066554983335033666,0.7487395865324111,-86.504900000000006344,-81.31040000000000134,-85.662051688245744376,-2803.2043324400965503,-2785.840166073344335,-2800.3868604394732584
0.03018784,0.04753057,0.07312395384615385,0.2513226502018911,0.04867734979810887,0.3,2e-09,0.65,0.0066554983335033666,0.7487395865324111,-353.7961999999999989,-326.95240000000001146,-349.4405831916317264,-11492.214427492319373,-11446.568073085483775,-11484.807948957418927
0.03024701,0.1792382,0.2757510769230769,0.2513226502018911,0.04867734979810887,0.3,2e-09,0.65,0.0066554983335033666,0.7487395865324111,-877.35829999999998563,-781.18880000000001473,-861.7540453619691582,-28317.295281903527211,-28099.74359840744728,-28281.995817247837664
0.03026139,0.08979081,0.13813970769230768,0.2513226502018911,0.04867734979810887,0.3,2e-09,0.65,0.0066554983335033666,0.7487395865324111,-582.7820000000000391,-532.0322999999999638,-574.54746366983636663,-18860.529483000078471,-18763.140964172853273,-18844.727433009168239
0.03031839,0.06873681,0.10574893846153845,0.2513226502018911,0.04867734979810887,0.3,2e-09,0.65,0.0066554983335033666,0.7487395865324111,-457.84559999999999036,-390.443300000000022,-446.90904888567638453,-14658.302699663419844,-14482.883683914375069,-14629.839590360564832
0.03036563,0.1734242,0.26680646153846155,0.2513226502018911,0.04867734979810887,0.3,2e-09,0.65,0.0066554983335033666,0.7487395865324111,-868.1068000000000211,-777.7356999999999516,-853.44338117886702666,-27932.26481237020198,-27737.198861015665898,-27900.613833877579959
0.03039257,0.1678036,0.2581593846153846,0.2513226502018911,0.04867734979810887,0.3,2e-09,0.65,0.0066554983335033666,0.7487395865324111,-852.31359999999995125,-763.6173000000000002,-837.92193059700655294,-27399.568310271435621,-27210.900405135434994,-27368.95546489149618
0.0304015,0.005316224,0.008178806153846153,0.2513226502018911,0.04867734979810887,0.3,2e-09,0.65,0.0066554983335033666,0.7487395865324111,-20.823959999999999582,-20.640899999999998471,-20.794257081153191921,-648.3213605553931984,-647.64217214710561166,-648.211156916296342
0.03040521,0.05357266,0.08241947692307693,0.2513226502018911,0.04867734979810887,0.3,2e-09,0.65,0.0066554983335033666,0.7487395865324111,-392.76499999999998636,-356.02870000000001482,-386.8042475820390736,-12637.746512893412728,-12555.422706658862808,-12624.388830517441738
0.03042681,0.00669273,0.010296507692307692,0.2513226502018911,0.04867734979810887,0.3,2e-09,0.65,0.0066554983335033666,0.7487395865324111,-30.487639999999998963,-30.048069999999999169,-30.416316324497481157,-963.8566079990465596,-962.2784089717640654,-963.60053284537295704
0.03061385,0.2046178,0.31479661538461534,0.2513226502018911,0.04867734979810887,0.3,2e-09,0.65,0.0066554983335033666,0.7487395865324111,-949.3144999999999527,-844.431699999999978,-932.29644418864957955,-30270.7211576871523,-30040.07878548654844,-30233.297626254235478
0.03064956,0.1207578,0.18578123076923075,0.2513226502018911,0.04867734979810887,0.3,2e-09,0.65,0.0066554983335033666,0.7487395865324111,-705.00469999999995707,-630.56330000000002656,-692.9259997757967796,-22469.077194713972858,-22314.179541308509215,-22443.943837188223519
0.03068582,0.2262291,0.3480447692307692,0.2513226502018911,0.04867734979810887,0.3,2e-09,0.65,0.0066554983335033666,0.7487395865324111,-1001.11099999999999,-889.11609999999996035,-982.93895025698583723,-31841.918643146327668,-31591.16645038866045,-31801.232135814632638
0.03073357,0.1,0.15384615384615385,0.2513226502018911,0.04867734979810887,0.3,2e-09,0.65,0.0066554983335033666,0.7487395865324111,-621.66039999999998145,-547.15790000000004056,-609.5717858222212599,-19718.392659054676187,-19538.09216634394761,-19689.137491879835688
0.0307549,0.323461,0.49763230769230765,0.2513226502018911,0.04867734979810887,0.3,2e-09,0.65,0.0066554983335033666,0.7487395865324111,-1187.6649999999999636,-1055.5950000000000273,-1166.2356080405457615,-37695.150674004071334,-37403.21269056158053,-37647.78144953945554
0.03082055,0.1289694,0.19841446153846154,0.2513226502018911,0.04867734979810887,0.3,2e-09,0.65,0.0066554983335033666,0.7487395865324111,-746.8182000000000471,-676.7101999999999862,-735.4426278678472622,-23712.63403933725931,-23574.76966604395784,-23690.264464925606665
0.03092731,0.07864133,0.12098666153846152,0.2513226502018911,0.04867734979810887,0.3,2e-09,0.65,0.0066554983335033666,0.7487395865324111,-530.0096999999999525,-474.44089999999999918,-520.9932269484627486,-16740.254983456845366,-16628.835632696940593,-16722.176321086115976
0.0309843,0.05981015,0.09201561538461538,0.2513226502018911,0.04867734979810887,0.3,2e-09,0.65,0.0066554983335033666,0.7487395865324111,-427.82220000000000937,-374.03059999999999263,-419.09409156866679924,-13447.9860533041555755,-13311.025165536919303,-13425.763076495804177
0.03102242,0.3668233,0.5643435384615385,0.2513226502018911,0.04867734979810887,0.3,2e-09,0.65,0.0066554983335033666,0.7487395865324111,-1265.6359999999999673,-1126.3840000000000146,-1243.0412722863790307,-39833.015325315398513,-39529.91394198002672,-39783.834751779039717
0.03102575,0.03916053,0.06024696923076923,0.2513226502018911,0.04867734979810887,0.3,2e-09,0.65,0.0066554983335033666,0.7487395865324111,-295.57990000000000919,-266.15100000000001046,-290.80483046842143474,-9307.710418347576706,-9252.5019773866806645,-9298.752416372704259
0.03103768,0.1423456,0.21899323076923075,0.2513226502018911,0.04867734979810887,0.3,2e-09,0.65,0.0066554983335033666,0.7487395865324111,-784.3873999999999569,-693.47080000000005384,-769.6354695311507673,-24652.91549436160858,-24444.185516134712088,-24619.04742048326645
0.03104065,0.06416902,0.09872156923076922,0.2513226502018911,0.04867734979810887,0.3,2e-09,0.65,0.0066554983335033666,0.7487395865324111,-446.47410000000002128,-382.92430000000001655,-436.16264718600045844,-13974.582176996567796,-13809.923247659600747,-13947.864975994175226
0.03104535,0.1377393,0.2119066153846154,0.2513226502018911,0.04867734979810887,0.3,2e-09,0.65,0.0066554983335033666,0.7487395865324111,-775.66030000000000655,-693.36779999999998836,-762.3076973057970347,-24407.603907935303141,-24227.036994479993155,-24378.305511907872507
0.03106645,0.2887157,0.444178,0.2513226502018911,0.04867734979810887,0.3,2e-09,0.65,0.0066554983335033666,0.7487395865324111,-1139.3369999999999891,-1014.10400000000004184,-1119.0169648424446898,-35807.729559569335834,-35535.88674929933768,-35763.620934350622477
0.03109288,0.2687019,0.4133875384615384,0.2513226502018911,0.04867734979810887,0.3,2e-09,0.65,0.0066554983335033666,0.7487395865324111,-1102.9760000000001128,-981.7256999999999607,-1083.3021891125812102,-34635.8561498557101,-34371.775444048733334,-34593.006986884048374
0.03111787,1.061917,1.6337184615384615,0.2513226502018911,0.04867734979810887,0.3,2e-09,0.65,0.0066554983335033666,0.7487395865324111,-1872.2380000000000564,-1667.4179999999998927,-1839.0043507145043679,-58750.482860566975432,-58308.22831024872721,-58678.723595748149936
0.03113015,0.8453723,1.3005727692307691,0.2513226502018911,0.04867734979810887,0.3,2e-09,0.65,0.0066554983335033666,0.7487395865324111,-1739.9860000000001037,-1549.6639999999999873,-1709.1047647724143735,-54579.244493034442712,-54168.456252676507575,-54512.590883471594243
0.03113229,0.05769665,0.08876407692307692,0.2513226502018911,0.04867734979810887,0.3,2e-09,0.65,0.0066554983335033666,0.7487395865324111,-421.11410000000000764,-373.1664000000000101,-413.33421011695069594,-13197.437184658021579,-13080.24332836188114,-13178.421563534298226
0.0311376,0.4039004,0.6213852307692307,0.2513226502018911,0.04867734979810887,0.3,2e-09,0.65,0.0066554983335033666,0.7487395865324111,-1322.8360000000000127,-1177.9529999999999745,-1299.3275984306685547,-41483.35713938713161,-41170.092832472146256,-41432.527551897249662
0.03114305,0.6893279,1.0605044615384616,0.2513226502018911,0.04867734979810887,0.3,2e-09,0.65,0.0066554983335033666,0.7487395865324111,-1623.0660000000000309,-1445.5570000000000164,-1594.2637743822915554,-50890.847597350773867,-50507.862410517846,-50828.705250994235463
0.03115185,0.5919636,0.9107132307692308,0.2513226502018911,0.04867734979810887,0.3,2e-09,0.65,0.0066554983335033666,0.7487395865324111,-1536.7429999999999382,-1368.6829999999999927,-1509.473948643099249,-48170.74776768598531,-47808.17525757540716,-48111.91753801321224
0.03115215,0.4533349,0.6974383076923076,0.2513226502018911,0.04867734979810887,0.3,2e-09,0.65,0.0066554983335033666,0.7487395865324111,-1387.1099999999999,-1235.3209999999999127,-1362.4810458383159795,-43479.414568516105646,-43151.66761279811908,-43426.23505782027263
0.03115984,0.5299694,0.8153375384615384,0.2513226502018911,0.04867734979810887,0.3,2e-09,0.65,0.0066554983335033666,0.7487395865324111,-1474.7119999999999891,-1313.4500000000000455,-1448.5459773895244517,-46214.63211520891491,-45866.77271356145502,-46158.18920262706432
0.031168,0.4864863,0.7484404615384614,0.2513226502018911,0.04867734979810887,0.3,2e-09,0.65,0.0066554983335033666,0.7487395865324111,-1427.0989999999999327,-1271.0550000000000637,-1401.7796387603461844,-44710.86306691941718,-44374.307502100782585,-44656.254290402155625
0.0311934,0.1094098,0.16832276923076922,0.2513226502018911,0.04867734979810887,0.3,2e-09,0.65,0.0066554983335033666,0.7487395865324111,-659.480199999999968,-572.1390999999999849,-645.30842241182790164,-20572.99606772901825,-20363.720077226480498,-20539.039399082223614
0.03119596,0.147106,0.22631692307692305,0.2513226502018911,0.04867734979810887,0.3,2e-09,0.65,0.0066554983335033666,0.7487395865324111,-798.9031999999999698,-701.73299999999994725,-783.1365739488259142,-24961.578438675140205,-24736.21998756735411,-24925.012264826692961
0.03120375,0.4265155,0.6561776923076923,0.2513226502018911,0.04867734979810887,0.3,2e-09,0.65,0.0066554983335033666,0.7487395865324111,-1355.6520000000000437,-1207.5730000000000928,-1331.6250223974860777,-42424.81596271860326,-42105.934243751180475,-42373.074906123932976
0.03123953,0.311127,0.47865692307692304,0.2513226502018911,0.04867734979810887,0.3,2e-09,0.65,0.0066554983335033666,0.7487395865324111,-1185.7560000000000855,-1056.2609999999999673,-1164.7444219596462885,-37065.94629474740941,-36786.88335826923867,-37020.66614749862419
0.03127974,0.3842579,0.591166,0.2513226502018911,0.04867734979810887,0.3,2e-09,0.65,0.0066554983335033666,0.7487395865324111,-1301.4970000000000709,-1159.6949999999999363,-1278.4885148130951769,-40633.39662413427868,-40329.177883403644955,-40584.034750608657
0.03131617,0.07354966,0.11315332307692308,0.2513226502018911,0.04867734979810887,0.3,2e-09,0.65,0.0066554983335033666,0.7487395865324111,-501.44709999999997763,-437.36230000000000473,-491.048839245527122,-15590.090504080215396,-15444.345194325018383,-15566.442185998923066
0.03132744,0.3510935,0.5401438461538461,0.2513226502018911,0.04867734979810887,0.3,2e-09,0.65,0.0066554983335033666,0.7487395865324111,-1254.2110000000000127,-1117.7529999999999291,-1232.0696206708321097,-39098.750787101409514,-38806.48387443705724,-39051.32819129415103
0.03135837,0.3367221,0.518034,0.2513226502018911,0.04867734979810887,0.3,2e-09,0.65,0.0066554983335033666,0.7487395865324111,-1232.7110000000000127,-1098.7519999999999527,-1210.9751029946503619,-38391.57316180820635,-38105.342813644987473,-38345.13004587361931
0.03143961,0.02634401,0.040529246153846156,0.2513226502018911,0.04867734979810887,0.3,2e-09,0.65,0.0066554983335033666,0.7487395865324111,-196.370900000000006,-167.19820000000001414,-191.63740092514902452,-6054.1157261738153466,-5975.3921912613986933,-6041.3422160195637245
0.03163664,0.2115515,0.32546384615384616,0.2513226502018911,0.04867734979810887,0.3,2e-09,0.65,0.0066554983335033666,0.7487395865324111,-1000.32200000000000273,-896.09019999999998163,-983.40957403771151474,-30901.902611362351308,-30686.886618250759057,-30867.014582332748338
0.03172373,0.1168502,0.17976953846153845,0.2513226502018911,0.04867734979810887,0.3,2e-09,0.65,0.0066554983335033666,0.7487395865324111,-707.41430000000002565,-627.008199999999988,-694.36778048132756397,-21761.687477619580022,-21591.883879643693945,-21734.13551383407828
0.0317448,0.08404437,0.12929903076923074,0.2513226502018911,0.04867734979810887,0.3,2e-09,0.65,0.0066554983335033666,0.7487395865324111,-580.30570000000000164,-531.5041999999999689,-572.3872743794252553,-17915.756015880982886,-17834.239081053579866,-17902.529254710771076
0.03176774,0.07111046,0.10940070769230768,0.2513226502018911,0.04867734979810887,0.3,2e-09,0.65,0.0066554983335033666,0.7487395865324111,-492.86369999999999436,-426.0717999999999961,-482.02619106673226673,-15090.025815073307967,-14934.0672796678118175,-15064.720321133526656
0.0317977,0.2505811,0.3855093846153846,0.2513226502018911,0.04867734979810887,0.3,2e-09,0.65,0.0066554983335033666,0.7487395865324111,-1091.19399999999996,-975.09739999999999327,-1072.3564173047628005,-33528.86643533368624,-33287.617636866139947,-33489.72192816242139
0.03189739,0.1520261,0.23388630769230767,0.2513226502018911,0.04867734979810887,0.3,2e-09,0.65,0.0066554983335033666,0.7487395865324111,-831.1853999999999587,-732.1748999999999796,-815.12017085938104216,-25411.831132986506418,-25193.39983120852412,-25376.388943374825853
0.03198776,0.2995812,0.46089415384615384,0.2513226502018911,0.04867734979810887,0.3,2e-09,0.65,0.0066554983335033666,0.7487395865324111,-1193.3730000000000473,-1066.6020000000000891,-1172.8034122958131044,-36453.097853371677047,-36191.00426723295095,-36410.57111613062161
0.03208136,0.1914821,0.29458784615384614,0.2513226502018911,0.04867734979810887,0.3,2e-09,0.65,0.0066554983335033666,0.7487395865324111,-954.6187999999999647,-846.9169000000000551,-937.14332313259677265,-29046.75012599501133,-28816.386290674407064,-29009.371789352558839
0.03211521,0.03087148,0.04749458461538461,0.2513226502018911,0.04867734979810887,0.3,2e-09,0.65,0.0066554983335033666,0.7487395865324111,-235.26150000000001228,-201.7932999999999879,-229.83102240495643394,-7110.7936645354284337,-7030.912181140914072,-7097.8322681701390455
0.03212247,0.06196587,0.09533210769230768,0.2513226502018911,0.04867734979810887,0.3,2e-09,0.65,0.0066554983335033666,0.7487395865324111,-452.085899999999981,-392.742999999999995,-442.45704966221930152,-13699.349071061657014,-13554.243524014882496,-13675.80455949085068
0.03212475,0.2340111,0.3600170769230769,0.2513226502018911,0.04867734979810887,0.3,2e-09,0.65,0.0066554983335033666,0.7487395865324111,-1062.59699999999998,-946.5203999999999951,-1043.762662461416027,-32306.41709502600861,-32063.250941936701565,-32266.961482049376201
0.03228095,0.1571115,0.24170999999999998,0.2513226502018911,0.04867734979810887,0.3,2e-09,0.65,0.0066554983335033666,0.7487395865324111,-860.467200000000048,-764.105199999999968,-844.8317107291820842,-26023.529854658438126,-25822.716398716049298,-25990.946298528186338
0.03239388,0.04136112,0.0636324923076923,0.2513226502018911,0.04867734979810887,0.3,2e-09,0.65,0.0066554983335033666,0.7487395865324111,-327.96769999999997935,-300.35199999999997544,-323.48683637060117185,-9918.196536575274877,-9874.3161074192103115,-9911.076593244204487
0.03239969,0.1852542,0.28500646153846154,0.2513226502018911,0.04867734979810887,0.3,2e-09,0.65,0.0066554983335033666,0.7487395865324111,-949.940900000000056,-846.3854000000000042,-933.13820900993977,-28638.644097059044725,-28421.630477137776325,-28603.431937432838794
0.03252919,0.03413118,0.05250950769230769,0.2513226502018911,0.04867734979810887,0.3,2e-09,0.65,0.0066554983335033666,0.7487395865324111,-265.18430000000000746,-231.84540000000001214,-259.77480234271941667,-7934.818998038661448,-7863.613270557138094,-7923.2653110245044443
0.03256859,0.1332822,0.20504953846153845,0.2513226502018911,0.04867734979810887,0.3,2e-09,0.65,0.0066554983335033666,0.7487395865324111,-802.36990000000002965,-727.6755000000000564,-790.2501485441337667,-24121.249627366079949,-23979.225239986306406,-24098.205058084919337
0.03258456,0.02115622,0.03254803076923077,0.2513226502018911,0.04867734979810887,0.3,2e-09,0.65,0.0066554983335033666,0.7487395865324111,-162.79920000000001323,-143.27819999999999823,-159.63176484863705505,-4860.8980684685775486,-4807.6025338296067275,-4852.2504505275824203
0.03268139,0.1623685,0.2497976923076923,0.2513226502018911,0.04867734979810887,0.3,2e-09,0.65,0.0066554983335033666,0.7487395865324111,-893.41269999999997253,-801.5579000000000178,-878.50853923254881445,-26727.342000331755116,-26548.211575433328107,-26698.276685824205506
0.03270275,0.07605859,0.11701321538461537,0.2513226502018911,0.04867734979810887,0.3,2e-09,0.65,0.0066554983335033666,0.7487395865324111,-540.83169999999995525,-480.52649999999999864,-531.0467089498502071,-16145.093657009743765,-16025.035600794437414,-16125.613297014831686
0.03273723,0.2594292,0.39912184615384616,0.2513226502018911,0.04867734979810887,0.3,2e-09,0.65,0.0066554983335033666,0.7487395865324111,-1142.1820000000000164,-1024.2429999999999382,-1123.0454734738693827,-34110.641296158770274,-33876.05887278418959,-34072.57846056179202
0.03274136,0.09591253,0.14755773846153844,0.2513226502018911,0.04867734979810887,0.3,2e-09,0.65,0.0066554983335033666,0.7487395865324111,-650.9070000000000391,-586.8976999999999862,-640.5209897118930175,-19449.571221836318728,-19319.26711375614832,-19428.428359672486275
0.03280559,0.09912409,0.15249859999999998,0.2513226502018911,0.04867734979810887,0.3,2e-09,0.65,0.0066554983335033666,0.7487395865324111,-660.36009999999998854,-587.7480000000000473,-648.5782180290824143,-19660.201189202340174,-19503.39765976349372,-19634.758588362097674
0.03284536,0.05154835,0.07930515384615384,0.2513226502018911,0.04867734979810887,0.3,2e-09,0.65,0.0066554983335033666,0.7487395865324111,-411.90589999999997417,-379.46570000000002665,-406.64222345693124913,-12301.749672855517929,-12243.01482282944562,-12292.219483388655139
0.03298119,0.04346481,0.06686893846153846,0.2513226502018911,0.04867734979810887,0.3,2e-09,0.65,0.0066554983335033666,0.7487395865324111,-352.49959999999998672,-326.10239999999998872,-348.21644753969783068,-10487.05689573800737,-10449.055214492824234,-10480.890825301712714
0.03301489,0.09280277,0.14277349230769232,0.2513226502018911,0.04867734979810887,0.3,2e-09,0.65,0.0066554983335033666,0.7487395865324111,-646.6425000000000409,-590.2417000000000371,-637.4910284316893988,-19194.070436192429042,-19090.16623535420149,-19177.211165760109482
0.03323044,0.08687267,0.13365026153846155,0.2513226502018911,0.04867734979810887,0.3,2e-09,0.65,0.0066554983335033666,0.7487395865324111,-624.06979999999998654,-575.5466000000000122,-616.19653073425462564,-18429.285701199743926,-18353.822564425667224,-18417.041216181027165
0.03334466,0.04551242,0.07001910769230768,0.2513226502018911,0.04867734979810887,0.3,2e-09,0.65,0.0066554983335033666,0.7487395865324111,-373.89220000000000255,-347.77569999999997208,-369.6545933133256036,-11012.285808364234981,-10975.926047842640401,-11006.3861524259499625
0.03338418,0.1130689,0.17395215384615384,0.2513226502018911,0.04867734979810887,0.3,2e-09,0.65,0.0066554983335033666,0.7487395865324111,-722.3492999999999711,-636.676900000000046,-708.4482820571882574,-21107.773013849360723,-20930.079689821854117,-21078.940880214439673
0.03340607,0.08130191,0.12507986153846154,0.2513226502018911,0.04867734979810887,0.3,2e-09,0.65,0.0066554983335033666,0.7487395865324111,-591.1346999999999525,-539.467200000000048,-582.7512434310206262,-17339.776084874323715,-17255.290498510432371,-17326.067636739876557
0.03342904,0.03679435,0.05660669230769231,0.2513226502018911,0.04867734979810887,0.3,2e-09,0.65,0.0066554983335033666,0.7487395865324111,-296.17509999999998627,-264.498299999999972,-291.03529108638417944,-8650.434338339255191,-8591.723803299926658,-8640.9080941694424265
0.03346453,0.1058687,0.16287492307692306,0.2513226502018911,0.04867734979810887,0.3,2e-09,0.65,0.0066554983335033666,0.7487395865324111,-692.3383999999999787,-606.32770000000004984,-678.3824902323992657,-20166.204593463124183,-19978.338893369138532,-20135.721912134651356
0.0334907,0.2421193,0.3724912307692308,0.2513226502018911,0.04867734979810887,0.3,2e-09,0.65,0.0066554983335033666,0.7487395865324111,-1126.4819999999999709,-1009.50699999999994816,-1107.5018900245539372,-32887.09230191079405,-32660.110748856171995,-32850.262767058262813
0.03351721,0.124796,0.19199384615384615,0.2513226502018911,0.04867734979810887,0.3,2e-09,0.65,0.0066554983335033666,0.7487395865324111,-791.73299999999994725,-721.00909999999998945,-780.25749326871165845,-23144.570681282151781,-23022.712105561720819,-23124.798172894675183
0.03378762,0.2187494,0.33653753846153844,0.2513226502018911,0.04867734979810887,0.3,2e-09,0.65,0.0066554983335033666,0.7487395865324111,-1084.5789999999999509,-977.01530000000002474,-1067.1259471650704093,-31408.792532524254057,-31205.744822245724208,-31375.846451127807892
0.03452209,0.05561963,0.08556866153846154,0.2513226502018911,0.04867734979810887,0.3,2e-09,0.65,0.0066554983335033666,0.7487395865324111,-455.78800000000001091,-413.35950000000002547,-448.90364354696977375,-12929.5350989439029945,-12845.714469235617798,-12915.934545235209
0.03011726,0.01355509,0.02053801515151515,0.2513226502018911,0.04867734979810887,0.3,2e-09,0.66,0.006654638530640785,0.76174001094047,-87.04192000000000462,-81.82895000000000607,-86.19607478607650676,-2823.2904013735392255,-2805.9254856684469814,-2820.472807786900761
0.03011844,0.01706479,0.025855742424242423,0.2513226502018911,0.04867734979810887,0.3,2e-09,0.66,0.006654638530640785,0.76174001094047,-117.23390000000000555,-106.581800000000001205,-115.505513340718544917,-3795.404311019108718,-3761.0696740515486454,-3789.8332472395719723
0.03011961,0.008552686,0.01295861515151515,0.2513226502018911,0.04867734979810887,0.3,2e-09,0.66,0.006654638530640785,0.76174001094047,-43.926810000000003242,-42.888410000000000366,-43.75832146656547888,-1416.1427343781201671,-1412.4828011053884893,-1415.5488815376049999
0.03015182,0.00679364,0.010293393939393939,0.2513226502018911,0.04867734979810887,0.3,2e-09,0.66,0.006654638530640785,0.76174001094047,-30.341509999999999536,-29.900919999999999277,-30.270020821508168092,-967.8188128609277783,-966.2230706924211745,-967.5598911951811096
0.030171,0.00539638,0.008176333333333332,0.2513226502018911,0.04867734979810887,0.3,2e-09,0.66,0.006654638530640785,0.76174001094047,-20.73872000000000071,-20.555289999999999395,-20.708957045755108688,-650.4320321535187759,-649.74720438551389634,-650.320913484136629
0.03019154,0.1261129,0.1910801515151515,0.2513226502018911,0.04867734979810887,0.3,2e-09,0.66,0.006654638530640785,0.76174001094047,-725.5905999999999949,-654.46550000000002,-714.04999542624837033,-23505.345442755864497,-23361.166995593801403,-23481.951360403010392
0.03021202,0.04600474,0.06970415151515151,0.2513226502018911,0.04867734979810887,0.3,2e-09,0.66,0.006654638530640785,0.76174001094047,-342.66609999999997171,-316.38179999999999836,-338.4012664490051753,-11121.797124645258009,-11078.936357736378341,-11114.8426295004611095
0.03024639,0.01076719,0.01631392424242424,0.2513226502018911,0.04867734979810887,0.3,2e-09,0.66,0.006654638530640785,0.76174001094047,-62.851909999999996614,-60.47231000000000023,-62.46580126140139325,-2027.7723118115707166,-2019.6712460856615508,-2026.4578504446454468
0.03025318,0.05621177,0.08516934848484849,0.2513226502018911,0.04867734979810887,0.3,2e-09,0.66,0.006654638530640785,0.76174001094047,-405.05979999999999563,-362.85610000000002628,-398.2119191077518142,-13081.3477026702694275,-12979.107952246453351,-13064.758502354764053
0.03029318,0.09073851,0.1374825909090909,0.2513226502018911,0.04867734979810887,0.3,2e-09,0.66,0.006654638530640785,0.76174001094047,-591.3201000000000249,-540.0569000000000415,-583.0022442727652704,-19122.166468134677416,-19024.069658743726905,-19106.249492452002247
0.03030568,0.05006921,0.0758624393939394,0.2513226502018911,0.04867734979810887,0.3,2e-09,0.66,0.006654638530640785,0.76174001094047,-372.30910000000000082,-343.09660000000002356,-367.56914306340912704,-12045.945754106714958,-11991.758763314994212,-12037.1534904224631575
0.030384,0.2814027,0.42636772727272726,0.2513226502018911,0.04867734979810887,0.3,2e-09,0.66,0.006654638530640785,0.76174001094047,-1115.9139999999999873,-990.1938000000000102,-1095.514912826372556,-35847.531140425562626,-35563.39242817084596,-35801.427408800202716
0.03039262,0.06712759,0.1017084696969697,0.2513226502018911,0.04867734979810887,0.3,2e-09,0.66,0.006654638530640785,0.76174001094047,-453.03879999999998063,-386.44209999999998217,-442.23296379566755857,-14473.106900409127775,-14297.171761235567828,-14444.560046038024923
0.03040959,0.2000223,0.30306409090909087,0.2513226502018911,0.04867734979810887,0.3,2e-09,0.66,0.006654638530640785,0.76174001094047,-939.1106999999999516,-830.43840000000000146,-921.4777681317831378,-30128.422596169883036,-29880.511513960893353,-30088.197081278166815
0.03043572,0.1035224,0.1568521212121212,0.2513226502018911,0.04867734979810887,0.3,2e-09,0.66,0.006654638530640785,0.76174001094047,-630.8147000000000162,-550.251700000000028,-617.74272222738315685,-20184.139154284574033,-19982.348075744390371,-20151.396971230444763
0.03052551,0.04804225,0.07279128787878787,0.2513226502018911,0.04867734979810887,0.3,2e-09,0.66,0.006654638530640785,0.76174001094047,-361.21059999999999945,-334.06490000000002283,-356.80599755195156464,-11607.950343480530137,-11562.375752380810809,-11600.5555091043065685
0.03056883,0.2210608,0.33494060606060605,0.2513226502018911,0.04867734979810887,0.3,2e-09,0.66,0.006654638530640785,0.76174001094047,-1000.94899999999995543,-892.8664999999999736,-983.4117678014862143,-31982.84560667912956,-31745.086909827954514,-31944.267395831904091
0.03060188,0.06946396,0.10524842424242424,0.2513226502018911,0.04867734979810887,0.3,2e-09,0.66,0.006654638530640785,0.76174001094047,-467.80380000000002383,-400.00940000000002783,-456.80362758949028448,-14847.475073572330075,-14674.036913953059411,-14819.333373691904675
0.03065038,0.05414413,0.0820365606060606,0.2513226502018911,0.04867734979810887,0.3,2e-09,0.66,0.006654638530640785,0.76174001094047,-400.14699999999999136,-363.1875,-394.15003163378928192,-12777.893333742853429,-12696.352615229083312,-12764.6627134832396075
0.03078241,0.1811299,0.27443924242424245,0.2513226502018911,0.04867734979810887,0.3,2e-09,0.66,0.006654638530640785,0.76174001094047,-907.7578999999999496,-810.49049999999999727,-891.97550248749131063,-28809.057428964195424,-28595.538472483480291,-28774.412305853730071
0.03081902,0.07947191,0.12041198484848485,0.2513226502018911,0.04867734979810887,0.3,2e-09,0.66,0.006654638530640785,0.76174001094047,-534.91430000000002565,-478.7230000000000132,-525.79682144763173596,-16957.193289509206807,-16843.757565594754851,-16938.787454800588009
0.03098429,0.1695744,0.25693090909090904,0.2513226502018911,0.04867734979810887,0.3,2e-09,0.66,0.006654638530640785,0.76174001094047,-882.9501000000000204,-793.11800000000005184,-868.3741381506709769,-27861.654379916275502,-27676.614636079266347,-27831.630232125251663
0.03104059,0.122032,0.1848969696969697,0.2513226502018911,0.04867734979810887,0.3,2e-09,0.66,0.006654638530640785,0.76174001094047,-724.46690000000000964,-649.03769999999997253,-712.227921488694907,-22810.320010693514632,-22656.460870148239337,-22785.355160013651078
0.03104192,0.1752544,0.2655369696969697,0.2513226502018911,0.04867734979810887,0.3,2e-09,0.66,0.006654638530640785,0.76174001094047,-901.97910000000001673,-810.54349999999999454,-887.1429577160000713,-28411.753487619738735,-28221.611135344603099,-28380.90140164263043
0.03111572,0.3269228,0.49533757575757575,0.2513226502018911,0.04867734979810887,0.3,2e-09,0.66,0.006654638530640785,0.76174001094047,-1224.0860000000000127,-1090.0450000000000728,-1202.3367978523722323,-38421.49383269388636,-38130.990972906947718,-38374.357468283217617
0.03113159,0.1180831,0.17891378787878787,0.2513226502018911,0.04867734979810887,0.3,2e-09,0.66,0.006654638530640785,0.76174001094047,-704.8310000000000173,-623.5701999999999998,-691.6457987117527469,-22091.059436225463287,-21914.402897107658646,-22062.395529062925844
0.0311681,0.03959599,0.05999392424242424,0.2513226502018911,0.04867734979810887,0.3,2e-09,0.66,0.006654638530640785,0.76174001094047,-299.66300000000001091,-270.03890000000001237,-294.85625773948613337,-9396.430787425390008,-9341.159204599331133,-9387.462540188324832
0.03116872,0.2286204,0.34639454545454545,0.2513226502018911,0.04867734979810887,0.3,2e-09,0.66,0.006654638530640785,0.76174001094047,-1034.6539999999999964,-921.175200000000018,-1016.24117585910113704,-32419.822014480752841,-32172.33378833901952,-32379.665111298034166
0.03133428,0.06044504,0.09158339393939394,0.2513226502018911,0.04867734979810887,0.3,2e-09,0.66,0.006654638530640785,0.76174001094047,-437.6490999999999758,-383.66480000000001382,-428.88972448431312193,-13611.807318906445289,-13477.289338492717434,-13589.980722950663945
0.03136534,0.06484879,0.09825574242424243,0.2513226502018911,0.04867734979810887,0.3,2e-09,0.66,0.006654638530640785,0.76174001094047,-456.570699999999988,-392.76679999999998927,-446.2180174707214272,-14151.942483708508007,-13989.854647251535425,-14125.64246266439158
0.03139808,0.3707954,0.5618112121212121,0.2513226502018911,0.04867734979810887,0.3,2e-09,0.66,0.006654638530640785,0.76174001094047,-1305.4610000000000127,-1164.0879999999999654,-1282.5221234233064284,-40617.128053431872104,-40315.619274362565193,-40568.205892412010904
0.03140762,0.2917864,0.442100606060606,0.2513226502018911,0.04867734979810887,0.3,2e-09,0.66,0.006654638530640785,0.76174001094047,-1172.9790000000000418,-1045.928000000000111,-1152.363980102668203,-36483.648853917984525,-36212.954694286425365,-36439.726606262347783
0.03141582,0.02672216,0.040488121212121204,0.2513226502018911,0.04867734979810887,0.3,2e-09,0.66,0.006654638530640785,0.76174001094047,-198.25790000000000646,-169.0800000000000125,-193.52355718441919061,-6119.3512309350962823,-6040.8901919118115984,-6106.620312794897469
0.0314196,0.1303302,0.19747,0.2513226502018911,0.04867734979810887,0.3,2e-09,0.66,0.006654638530640785,0.76174001094047,-772.7825000000000273,-701.8544000000000551,-761.2738602192824914,-24084.939184526239842,-23949.857392699050251,-24063.021105752481201
0.03143617,0.07432697,0.11261662121212121,0.2513226502018911,0.04867734979810887,0.3,2e-09,0.66,0.006654638530640785,0.76174001094047,-509.67720000000002756,-445.056699999999978,-499.19201772457100244,-15791.509931512802723,-15645.578699910965952,-15767.831446155630372
0.03145627,0.05830992,0.08834836363636363,0.2513226502018911,0.04867734979810887,0.3,2e-09,0.66,0.006654638530640785,0.76174001094047,-430.29169999999999163,-382.15589999999997417,-422.4812894186272618,-13353.73516745190318,-13238.442267123851707,-13335.027991323545243
0.03148268,0.2067786,0.3133009090909091,0.2513226502018911,0.04867734979810887,0.3,2e-09,0.66,0.006654638530640785,0.76174001094047,-992.5240000000000009,-886.073099999999954,-975.251507681254898,-30802.247475982094329,-30578.453729779274,-30765.935187760279545
0.03150804,1.077903,1.6331863636363637,0.2513226502018911,0.04867734979810887,0.3,2e-09,0.66,0.006654638530640785,0.76174001094047,-1938.8969999999999345,-1730.22199999999998,-1905.0378467695985762,-60122.31088173117314,-59681.13977794029779,-60050.727414597684096
0.03150945,0.1438476,0.21795090909090906,0.2513226502018911,0.04867734979810887,0.3,2e-09,0.66,0.006654638530640785,0.76174001094047,-808.89869999999996253,-717.0362999999999829,-793.9933060730205876,-25059.147832450384158,-24853.683144973569142,-25025.809577572155169
0.03151941,0.8579617,1.2999419696969696,0.2513226502018911,0.04867734979810887,0.3,2e-09,0.66,0.006654638530640785,0.76174001094047,-1801.2119999999999891,-1607.3810000000000855,-1769.7614020376090758,-55833.011972867301665,-55423.383087354246527,-55766.546477708869418
0.03152277,0.4083378,0.6186936363636363,0.2513226502018911,0.04867734979810887,0.3,2e-09,0.66,0.006654638530640785,0.76174001094047,-1365.2590000000000146,-1218.1310000000000855,-1341.3863295963460565,-42313.985121972298657,-42002.425230346962053,-42263.432089213269396
0.03152384,0.08493165,0.12868431818181816,0.2513226502018911,0.04867734979810887,0.3,2e-09,0.66,0.006654638530640785,0.76174001094047,-583.8585000000000491,-534.45090000000004693,-575.84172990704986156,-18153.247288655871671,-18069.603121394178743,-18139.675367361306204
0.03152973,0.2715523,0.41144287878787883,0.2513226502018911,0.04867734979810887,0.3,2e-09,0.66,0.006654638530640785,0.76174001094047,-1138.7170000000000982,-1015.7759999999999536,-1118.7688597949023187,-35283.780142217030516,-35022.243781127544935,-35241.34381910476774
0.03153092,0.6989097,1.0589540909090909,0.2513226502018911,0.04867734979810887,0.3,2e-09,0.66,0.006654638530640785,0.76174001094047,-1679.0139999999998963,-1498.3520000000000891,-1649.7001754359133263,-52026.380766196634795,-51644.65931068323698,-51964.443470145069515
0.03153781,0.4584522,0.6946245454545454,0.2513226502018911,0.04867734979810887,0.3,2e-09,0.66,0.006654638530640785,0.76174001094047,-1432.1920000000000073,-1277.9900000000000091,-1407.1715176881066262,-44368.133773720510362,-44042.039988900651224,-44315.222502951622072
0.03153917,0.5995022,0.9083366666666666,0.2513226502018911,0.04867734979810887,0.3,2e-09,0.66,0.006654638530640785,0.76174001094047,-1588.5779999999999745,-1417.65300000000002,-1560.8440799525273406,-49211.341316531179473,-48850.251274309113796,-49152.751628884983432
0.03154749,0.536326,0.8126151515151514,0.2513226502018911,0.04867734979810887,0.3,2e-09,0.66,0.006654638530640785,0.76174001094047,-1523.6929999999999836,-1359.76299999999992,-1497.0940734919865751,-47189.032013711730542,-46842.715127915267658,-47132.83938640870994
0.03155573,0.4921092,0.74562,0.2513226502018911,0.04867734979810887,0.3,2e-09,0.66,0.006654638530640785,0.76174001094047,-1473.9700000000000273,-1315.40300000000002,-1448.2412622485441577,-45637.254149097141635,-45302.333989454069524,-45582.910729879192985
0.0315915,0.4312543,0.653415606060606,0.2513226502018911,0.04867734979810887,0.3,2e-09,0.66,0.006654638530640785,0.76174001094047,-1399.4809999999999945,-1249.0850000000000364,-1375.0780709992119635,-43282.915444763581036,-42965.749295269401046,-43231.45275275341839
0.03162913,0.1391927,0.2108980303030303,0.2513226502018911,0.04867734979810887,0.3,2e-09,0.66,0.006654638530640785,0.76174001094047,-802.5765999999999849,-719.46690000000000964,-789.0914002049469696,-24806.106222278107452,-24629.517912220868311,-24777.453385815062388
0.0316499,0.3144484,0.4764369696969697,0.2513226502018911,0.04867734979810887,0.3,2e-09,0.66,0.006654638530640785,0.76174001094047,-1223.678000000000111,-1092.3040000000000873,-1202.3615394920775048,-37776.957888867917063,-37500.028547494141094,-37732.02393413654364
0.03167107,0.3884449,0.5885528787878788,0.2513226502018911,0.04867734979810887,0.3,2e-09,0.66,0.006654638530640785,0.76174001094047,-1343.1990000000000691,-1199.2339999999999236,-1319.8395511210508054,-41440.20043327382882,-41137.788085023603344,-41391.1316610770121
0.03172983,0.354877,0.5376924242424242,0.2513226502018911,0.04867734979810887,0.3,2e-09,0.66,0.006654638530640785,0.76174001094047,-1294.446999999999889,-1155.9539999999999509,-1271.9754259813681682,-39863.724912523655803,-39573.448448688490316,-39816.62528262944307
0.03174098,0.3403369,0.5156619696969696,0.2513226502018911,0.04867734979810887,0.3,2e-09,0.66,0.006654638530640785,0.76174001094047,-1271.2829999999999018,-1135.3379999999999654,-1249.2248589389867875,-39137.000345917585946,-38852.461709109127696,-39090.831723400911144
0.03200107,0.07186231,0.10888228787878787,0.2513226502018911,0.04867734979810887,0.3,2e-09,0.66,0.006654638530640785,0.76174001094047,-502.648900000000026,-435.38880000000000337,-491.73542194948071185,-15285.092565961327637,-15130.1284641045822354,-15259.948426653890705
0.03214554,0.1486583,0.22523984848484846,0.2513226502018911,0.04867734979810887,0.3,2e-09,0.66,0.006654638530640785,0.76174001094047,-835.93050000000005184,-737.51329999999995835,-819.96153843149850965,-25371.808950922186341,-25154.385298983979737,-25336.530260389588841
0.03222879,0.03125913,0.047362318181818186,0.2513226502018911,0.04867734979810887,0.3,2e-09,0.66,0.006654638530640785,0.76174001094047,-238.36650000000000205,-204.91480000000001382,-232.93869965919532532,-7182.8828655384222657,-7103.7855203854560386,-7170.0487017447124964
0.03240187,0.3027728,0.45874666666666664,0.2513226502018911,0.04867734979810887,0.3,2e-09,0.66,0.006654638530640785,0.76174001094047,-1231.1790000000000873,-1102.6079999999999472,-1210.3173481970244589,-37147.92531099850021,-36887.88615257327183,-37105.731920745597304
0.03250124,0.02147442,0.032537,0.2513226502018911,0.04867734979810887,0.3,2e-09,0.66,0.006654638530640785,0.76174001094047,-163.92879999999999541,-144.36539999999999395,-160.75448511653223997,-4908.411440657408093,-4855.024960983742858,-4899.749066172192254
0.03250926,0.06262291,0.09488319696969696,0.2513226502018911,0.04867734979810887,0.3,2e-09,0.66,0.006654638530640785,0.76174001094047,-462.93020000000001346,-403.37040000000001783,-453.26615593831529893,-13870.188703953434015,-13727.797910890276398,-13847.084682480214028
0.03253657,0.2364859,0.35831196969696966,0.2513226502018911,0.04867734979810887,0.3,2e-09,0.66,0.006654638530640785,0.76174001094047,-1095.1410000000000764,-977.417699999999968,-1076.0394724883742814,-32892.331139577858266,-32650.883035934552026,-32853.154293580735207
0.03255505,0.1935034,0.29318696969696967,0.2513226502018911,0.04867734979810887,0.3,2e-09,0.66,0.006654638530640785,0.76174001094047,-984.99289999999996326,-875.81349999999997635,-967.2776871848410703,-29552.391025009274017,-29324.42539987044438,-29515.401816753180292
0.03256595,0.1640818,0.24860878787878787,0.2513226502018911,0.04867734979810887,0.3,2e-09,0.66,0.006654638530640785,0.76174001094047,-904.9016000000000304,-811.89970000000005257,-889.8113132727041655,-27172.050845751109591,-26989.577785984733055,-27142.443162554512037
0.03260301,0.04181533,0.0633565606060606,0.2513226502018911,0.04867734979810887,0.3,2e-09,0.66,0.006654638530640785,0.76174001094047,-333.13060000000001537,-305.2629000000000019,-328.6088473967707945,-10012.9709447510558675,-9968.931146651942981,-10005.825142560692942
0.0326786,0.1536302,0.2327730303030303,0.2513226502018911,0.04867734979810887,0.3,2e-09,0.66,0.006654638530640785,0.76174001094047,-864.80700000000001637,-764.4311999999999898,-848.5202402404498963,-25828.626971142944967,-25615.633035363422096,-25794.067036753556946
0.03267938,0.03453132,0.052320181818181814,0.2513226502018911,0.04867734979810887,0.3,2e-09,0.66,0.006654638530640785,0.76174001094047,-268.88529999999997244,-235.49909999999999854,-263.46812754723454972,-8012.253183068539329,-7941.636451265831056,-8000.79506521667284
0.03270634,0.2532345,0.3836886363636363,0.2513226502018911,0.04867734979810887,0.3,2e-09,0.66,0.006654638530640785,0.76174001094047,-1142.0080000000000382,-1024.1790000000000873,-1122.8893218354620651,-34144.844865793391364,-33910.926932979171397,-34106.889848994563042
0.03271037,0.07686213,0.11645777272727273,0.2513226502018911,0.04867734979810887,0.3,2e-09,0.66,0.006654638530640785,0.76174001094047,-547.80930000000000746,-486.91190000000000282,-537.92821986134878415,-16353.686637705508474,-16232.495863049272884,-16334.022485271356234
0.032861,0.1587694,0.24055969696969698,0.2513226502018911,0.04867734979810887,0.3,2e-09,0.66,0.006654638530640785,0.76174001094047,-889.77120000000002165,-792.04579999999998563,-873.9144884001329242,-26451.631250652695599,-26253.7098542690037,-26419.51695383836239
0.03292009,0.1105643,0.16752166666666665,0.2513226502018911,0.04867734979810887,0.3,2e-09,0.66,0.006654638530640785,0.76174001094047,-705.3387000000000171,-616.8486000000000331,-690.9804881621011905,-20882.576150048673298,-20688.042000899989944,-20851.011460629379867
0.0329389,0.2137862,0.32391848484848484,0.2513226502018911,0.04867734979810887,0.3,2e-09,0.66,0.006654638530640785,0.76174001094047,-1058.8710000000000946,-953.122600000000034,-1041.7124938086988897,-31452.255455795730086,-31247.827070110783097,-31419.085349000230378
0.0329794,0.0969247,0.14685560606060605,0.2513226502018911,0.04867734979810887,0.3,2e-09,0.66,0.006654638530640785,0.76174001094047,-664.92259999999998854,-600.44470000000001164,-654.4605556915083322,-19733.83525411537994,-19604.514393584930076,-19712.85193156793474
0.0330008,0.1872096,0.28365090909090906,0.2513226502018911,0.04867734979810887,0.3,2e-09,0.66,0.006654638530640785,0.76174001094047,-983.7504999999999882,-878.897199999999998,-966.7372307947130907,-29137.478026461878471,-28924.371816094571841,-29102.899874641214026
0.03306715,0.09378218,0.14209421212121212,0.2513226502018911,0.04867734979810887,0.3,2e-09,0.66,0.006654638530640785,0.76174001094047,-656.7001000000000204,-599.834699999999998,-647.47324344263536994,-19467.693835578240396,-19363.500008961844287,-19450.787571094872272
0.0331281,0.08778968,0.13301466666666664,0.2513226502018911,0.04867734979810887,0.3,2e-09,0.66,0.006654638530640785,0.76174001094047,-630.4538000000000011,-581.36760000000003856,-622.48917957446685734,-18678.196826038180006,-18601.208682934840908,-18665.704896797685393
0.03313681,0.114262,0.17312424242424243,0.2513226502018911,0.04867734979810887,0.3,2e-09,0.66,0.006654638530640785,0.76174001094047,-727.7743000000000393,-641.234299999999962,-713.7325071615721697,-21427.273034262241708,-21245.883230109433498,-21397.841117773717516
0.03316418,0.1001701,0.1517728787878788,0.2513226502018911,0.04867734979810887,0.3,2e-09,0.66,0.006654638530640785,0.76174001094047,-677.1548000000000229,-604.0217000000000098,-665.2883816982663868,-19953.367299208650365,-19798.631083864991524,-19928.260136272920889
0.0332855,0.0821604,0.12448545454545454,0.2513226502018911,0.04867734979810887,0.3,2e-09,0.66,0.006654638530640785,0.76174001094047,-596.615099999999984,-544.3080999999999676,-588.127879547034337,-17566.262826977370423,-17480.036922384533682,-17552.271998578957596
0.0333487,0.04393799,0.06657271212121213,0.2513226502018911,0.04867734979810887,0.3,2e-09,0.66,0.006654638530640785,0.76174001094047,-359.73279999999999745,-333.04370000000000118,-355.40228447834428127,-10588.290524362184442,-10550.273053275459461,-10582.121891900423553
0.03343464,0.05209955,0.07893871212121212,0.2513226502018911,0.04867734979810887,0.3,2e-09,0.66,0.006654638530640785,0.76174001094047,-423.5554000000000201,-390.8428000000000111,-418.24752442331460137,-12433.417012089576019,-12375.894746186306293,-12424.083573894397891
0.03344963,0.1346886,0.20407363636363635,0.2513226502018911,0.04867734979810887,0.3,2e-09,0.66,0.006654638530640785,0.76174001094047,-836.6191000000000031,-761.12030000000004293,-824.368828343541744,-24507.854799657052354,-24370.574790822349314,-24485.58004295593594
0.03346579,0.2621785,0.39724015151515146,0.2513226502018911,0.04867734979810887,0.3,2e-09,0.66,0.006654638530640785,0.76174001094047,-1188.4629999999999654,-1068.8800000000001091,-1169.0597215969757279,-34745.51552552933572,-34516.168719416738895,-34708.302209841926466
0.03359,0.03721151,0.05638107575757576,0.2513226502018911,0.04867734979810887,0.3,2e-09,0.66,0.006654638530640785,0.76174001094047,-300.34109999999998308,-268.53800000000001091,-295.18079792211917897,-8733.410386366265811,-8674.943780659135882,-8723.923721641218753
0.03376297,0.1,0.15151515151515152,0.2513226502018911,0.04867734979810887,0.3,2e-09,0.66,0.006654638530640785,0.76174001094047,-688.66399999999998727,-615.88450000000000273,-676.8549560678950593,-19941.651026190924313,-19792.291665049491712,-19917.41629996457842
0.03381622,0.2446813,0.3707292424242424,0.2513226502018911,0.04867734979810887,0.3,2e-09,0.66,0.006654638530640785,0.76174001094047,-1157.6279999999999291,-1038.9780000000000655,-1138.3761081548478111,-33486.36427858575189,-33259.87215047518839,-33449.614156763899153
0.03434406,0.1069858,0.16209969696969698,0.2513226502018911,0.04867734979810887,0.3,2e-09,0.66,0.006654638530640785,0.76174001094047,-720.6449999999999818,-633.80330000000003565,-706.5542539734585025,-20471.651573702547466,-20289.943909036363038,-20442.168081856036244
0.03006337,0.01092713,0.016309149253731343,0.2513226502018911,0.04867734979810887,0.3,2e-09,0.67,0.00664957716053917,0.7747316875453288,-62.837899999999997647,-60.452139999999999986,-62.45079175315220624,-2039.7800908489098219,-2031.619065574439901,-2038.455900575587827
0.0300945,0.01731826,0.02584814925373134,0.2513226502018911,0.04867734979810887,0.3,2e-09,0.67,0.00664957716053917,0.7747316875453288,-118.07299999999999329,-107.390199999999993,-116.339632025255860115,-3826.5271074040015264,-3792.2019198043617507,-3820.957576858423323
0.03010521,0.008679725,0.012954813432835818,0.2513226502018911,0.04867734979810887,0.3,2e-09,0.67,0.00664957716053917,0.7747316875453288,-44.11406000000000205,-43.072560000000002844,-43.945068467284231144,-1423.0923308145816009,-1419.4382993249332685,-1422.499435584598428
0.03018477,0.01375644,0.020531999999999998,0.2513226502018911,0.04867734979810887,0.3,2e-09,0.67,0.00664957716053917,0.7747316875453288,-87.82370000000000232,-82.592699999999993565,-86.97492927735363641,-2843.0313055082515348,-2825.747251748907729,-2840.2268324056751307
0.03018546,0.1552466,0.2317113432835821,0.2513226502018911,0.04867734979810887,0.3,2e-09,0.67,0.00664957716053917,0.7747316875453288,-813.1490999999999758,-712.1509999999999536,-796.7613671911853162,-26251.833240357616887,-26009.369008900499466,-26212.491519663723894
0.03020047,0.005476536,0.008173934328358208,0.2513226502018911,0.04867734979810887,0.3,2e-09,0.67,0.00664957716053917,0.7747316875453288,-20.820430000000001769,-20.63650000000000162,-20.79058591683877975,-652.4739846368089502,-651.79305177403648486,-652.36349794630822907
0.03021691,0.2472625,0.3690485074626865,0.2513226502018911,0.04867734979810887,0.3,2e-09,0.67,0.00664957716053917,0.7747316875453288,-1055.4110000000000582,-936.04939999999999145,-1036.0436454811268001,-34094.758596756153565,-33823.272369841200998,-34050.7078299797942
0.03025561,0.1361056,0.20314268656716417,0.2513226502018911,0.04867734979810887,0.3,2e-09,0.67,0.00664957716053917,0.7747316875453288,-770.08740000000000236,-694.373299999999972,-757.80219423216996033,-24899.112819061869232,-24738.49511625055311,-24873.05133871681855
0.03042322,0.006894551,0.01029037462686567,0.2513226502018911,0.04867734979810887,0.3,2e-09,0.67,0.00664957716053917,0.7747316875453288,-30.7212600000000009,-30.278990000000000293,-30.649498228349299964,-971.6603125907035974,-970.08997545883983094,-971.4055130911412086
0.03049679,0.05680822,0.08478838805970149,0.2513226502018911,0.04867734979810887,0.3,2e-09,0.67,0.00664957716053917,0.7747316875453288,-412.72879999999997835,-370.32389999999998054,-405.84827283182052676,-13228.743493270159888,-13127.677831357208561,-13212.344798011778623
0.0305295,0.04650039,0.0694035671641791,0.2513226502018911,0.04867734979810887,0.3,2e-09,0.67,0.00664957716053917,0.7747316875453288,-349.48140000000000782,-322.89289999999999736,-345.16720761630992254,-11229.244555521483562,-11186.304556974664592,-11222.277204422836954
0.03053421,0.05060424,0.07552871641791045,0.2513226502018911,0.04867734979810887,0.3,2e-09,0.67,0.00664957716053917,0.7747316875453288,-378.80829999999997426,-349.31409999999999627,-374.0226350319486757,-12168.696149743727801,-12114.554303883111061,-12159.911211178151776
0.03061422,0.1274397,0.19020850746268653,0.2513226502018911,0.04867734979810887,0.3,2e-09,0.67,0.00664957716053917,0.7747316875453288,-746.497600000000034,-674.4633000000000038,-734.80947060479359706,-23861.334281860821648,-23718.513320189969818,-23838.160462161637398
0.03061724,0.2021279,0.3016834328358209,0.2513226502018911,0.04867734979810887,0.3,2e-09,0.67,0.00664957716053917,0.7747316875453288,-961.34159999999997126,-851.16859999999996944,-943.4651678023097409,-30645.214399204207439,-30396.765913913197437,-30604.901686453136412
0.03062794,0.1081114,0.16136029850746267,0.2513226502018911,0.04867734979810887,0.3,2e-09,0.67,0.00664957716053917,0.7747316875453288,-653.9823000000000093,-567.21220000000005257,-639.90317163427701486,-20783.815595155720075,-20567.316500096982054,-20748.686921218556629
0.03067072,0.2843818,0.424450447761194,0.2513226502018911,0.04867734979810887,0.3,2e-09,0.67,0.00664957716053917,0.7747316875453288,-1146.6759999999999309,-1019.15800000000001546,-1125.985205694815707,-36509.055535161067382,-36225.43787668884761,-36463.03634859315381
0.03070833,0.06783597,0.10124771641791043,0.2513226502018911,0.04867734979810887,0.3,2e-09,0.67,0.00664957716053917,0.7747316875453288,-463.22469999999998436,-396.31110000000001037,-452.36744428849749655,-14655.798393075563581,-14482.3914634899429075,-14627.661760512712154
0.03071258,0.08030875,0.11986380597014924,0.2513226502018911,0.04867734979810887,0.3,2e-09,0.67,0.00664957716053917,0.7747316875453288,-539.78539999999998145,-482.97419999999999618,-530.56733781716553683,-17173.487752144275873,-17058.02553011209966,-17154.753102243185058
0.03080278,0.1046116,0.15613671641791044,0.2513226502018911,0.04867734979810887,0.3,2e-09,0.67,0.00664957716053917,0.7747316875453288,-647.4962000000000444,-566.31730000000004566,-634.3242876282476647,-20483.889215980176232,-20284.931209422495158,-20451.606721045698395
0.03085861,0.04855746,0.07247382089552237,0.2513226502018911,0.04867734979810887,0.3,2e-09,0.67,0.00664957716053917,0.7747316875453288,-368.62450000000001182,-341.17599999999998772,-364.1707658802220109,-11722.815469538298203,-11677.303431555405041,-11715.430784895237485
0.03087739,0.07019654,0.1047709552238806,0.2513226502018911,0.04867734979810887,0.3,2e-09,0.67,0.00664957716053917,0.7747316875453288,-477.73200000000002774,-409.55079999999998108,-466.6690662598172511,-15036.060471401295217,-14864.498088512540562,-15008.2231309877175125
0.03088511,0.05471972,0.08167122388059701,0.2513226502018911,0.04867734979810887,0.3,2e-09,0.67,0.00664957716053917,0.7747316875453288,-407.43479999999999563,-370.24869999999998527,-401.40106400890844432,-12917.055238367973288,-12836.235852526853705,-12903.941659984449836
0.03110318,0.2233896,0.3334173134328358,0.2513226502018911,0.04867734979810887,0.3,2e-09,0.67,0.00664957716053917,0.7747316875453288,-1035.8569999999999709,-926.42420000000004165,-1018.10067105004494786,-32551.269891845207894,-32317.517961387438845,-32513.341810228952816
0.03122453,0.1193254,0.1780976119402985,0.2513226502018911,0.04867734979810887,0.3,2e-09,0.67,0.00664957716053917,0.7747316875453288,-717.21079999999994925,-634.97900000000004184,-703.86804635623948345,-22419.181699631761148,-22241.321163142871228,-22390.322434465263047
0.03124015,0.1830358,0.2731877611940298,0.2513226502018911,0.04867734979810887,0.3,2e-09,0.67,0.00664957716053917,0.7747316875453288,-936.4275000000000091,-838.0760999999999967,-920.469214996887525,-29301.469565374434751,-29091.046036010677199,-29267.32669955912532
0.03124853,0.08582562,0.12809794029850746,0.2513226502018911,0.04867734979810887,0.3,2e-09,0.67,0.00664957716053917,0.7747316875453288,-586.2825000000000273,-536.2705999999999449,-578.16767749877316923,-18389.931596352798806,-18303.876982888305065,-18375.96856128162454
0.03126547,0.04003399,0.05975222388059701,0.2513226502018911,0.04867734979810887,0.3,2e-09,0.67,0.00664957716053917,0.7747316875453288,-303.32450000000000045,-273.50799999999998136,-298.4865393324822655,-9484.481504967163346,-9429.025787657519686,-9475.483380467874281
0.03132493,0.1233158,0.1840534328358209,0.2513226502018911,0.04867734979810887,0.3,2e-09,0.67,0.00664957716053917,0.7747316875453288,-741.7137000000000171,-665.30920000000003256,-729.3164714245012699,-23151.214383986371104,-22997.588092365720513,-23126.287314868354365
0.03139493,0.02709967,0.04044726865671641,0.2513226502018911,0.04867734979810887,0.3,2e-09,0.67,0.00664957716053917,0.7747316875453288,-200.13740000000001373,-170.95769999999998845,-195.40276512032040403,-6183.8658416828193367,-6105.6763428032290904,-6171.1789830578170357
0.03141424,0.1713586,0.2557591044776119,0.2513226502018911,0.04867734979810887,0.3,2e-09,0.67,0.00664957716053917,0.7747316875453288,-909.5566000000000031,-818.60950000000002547,-894.79972066725465163,-28324.037772758445499,-28141.045740444726107,-28294.345882201105923
0.0314159,0.3304095,0.49314850746268657,0.2513226502018911,0.04867734979810887,0.3,2e-09,0.67,0.00664957716053917,0.7747316875453288,-1258.7349999999999,-1122.7339999999999236,-1236.6677725003577998,-39150.372124062290823,-38860.437855756848876,-39103.328018073080916
0.03154978,0.07511012,0.11210465671641791,0.2513226502018911,0.04867734979810887,0.3,2e-09,0.67,0.00664957716053917,0.7747316875453288,-517.83749999999997726,-452.68700000000001182,-507.2663210732609729,-15992.397512744657433,-15846.252529473125833,-15968.68434450483242
0.03158589,0.2310298,0.34482059701492535,0.2513226502018911,0.04867734979810887,0.3,2e-09,0.67,0.00664957716053917,0.7747316875453288,-1066.6269999999999527,-951.68100000000004,-1047.9761111670218174,-32999.098656640147965,-32754.013444561231154,-32959.331661311115685
0.03161172,0.1770985,0.26432611940298506,0.2513226502018911,0.04867734979810887,0.3,2e-09,0.67,0.00664957716053917,0.7747316875453288,-933.43269999999995434,-840.9457999999999629,-918.42597605652417214,-28891.600497301249561,-28705.174845276644191,-28861.351475051440314
0.03167349,0.0610846,0.0911710447761194,0.2513226502018911,0.04867734979810887,0.3,2e-09,0.67,0.00664957716053917,0.7747316875453288,-447.41590000000002192,-393.23739999999997963,-438.62501401321051192,-13774.744962357006443,-13642.51768633258871,-13753.29005113069939
0.03168094,0.06553362,0.09781137313432835,0.2513226502018911,0.04867734979810887,0.3,2e-09,0.67,0.00664957716053917,0.7747316875453288,-466.63049999999998363,-402.57450000000000045,-456.23691227110774715,-14328.577524992970211,-14168.921236939144364,-14302.6720417227566475
0.03168949,0.2948796,0.44011880597014924,0.2513226502018911,0.04867734979810887,0.3,2e-09,0.67,0.00664957716053917,0.7747316875453288,-1204.9449999999999363,-1076.0830000000000837,-1184.0361311677201909,-37161.684918824816123,-36891.346199466068356,-37117.82034413748573
0.03171332,0.3747952,0.5593958208955223,0.2513226502018911,0.04867734979810887,0.3,2e-09,0.67,0.00664957716053917,0.7747316875453288,-1343.4729999999999563,-1199.9880000000000564,-1320.1914348807277066,-41404.37797482877795,-41103.568694110872457,-41355.569312895367325
0.03171391,0.1154641,0.1723344776119403,0.2513226502018911,0.04867734979810887,0.3,2e-09,0.67,0.00664957716053917,0.7747316875453288,-707.471300000000042,-620.29120000000000346,-693.3256459228862818,-21748.330213363999064,-21553.223207454531803,-21716.67257344827593
0.03176863,0.05892768,0.08795176119402985,0.2513226502018911,0.04867734979810887,0.3,2e-09,0.67,0.00664957716053917,0.7747316875453288,-439.38549999999997908,-391.05910000000000082,-431.5441630757221898,-13509.092352011914045,-13395.574323635692053,-13490.673162759709416
0.03183808,1.093892,1.6326746268656718,0.2513226502018911,0.04867734979810887,0.3,2e-09,0.67,0.00664957716053917,0.7747316875453288,-2003.2329999999999472,-1790.7049999999999272,-1968.7486673403581956,-61503.732051008890267,-61062.297214859208907,-61432.1057912344558
0.03184782,0.4128047,0.6161264179104478,0.2513226502018911,0.04867734979810887,0.3,2e-09,0.67,0.00664957716053917,0.7747316875453288,-1405.8440000000000509,-1256.4800000000000182,-1381.6085210825175018,-43148.32511929859902,-42837.545411993218295,-43097.898677556399825
0.03184913,0.8705641,1.2993494029850745,0.2513226502018911,0.04867734979810887,0.3,2e-09,0.67,0.00664957716053917,0.7747316875453288,-1860.27800000000002,-1662.9400000000000546,-1828.2583638184691998,-57095.11195299810788,-56685.41198203516251,-57028.63492366864236
0.03185909,0.7085239,1.0574983582089552,0.2513226502018911,0.04867734979810887,0.3,2e-09,0.67,0.00664957716053917,0.7747316875453288,-1732.8930000000000291,-1549.0820000000001073,-1703.068225520865954,-53169.03085835181264,-52787.450415505103592,-53107.116442709918623
0.03186329,0.4636011,0.6919419402985074,0.2513226502018911,0.04867734979810887,0.3,2e-09,0.67,0.00664957716053917,0.7747316875453288,-1475.375,-1318.7660000000000764,-1449.9639630848931345,-45261.22224710878072,-44935.820711245702114,-45208.42329915527783
0.03186724,0.6070754,0.9060826865671642,0.2513226502018911,0.04867734979810887,0.3,2e-09,0.67,0.00664957716053917,0.7747316875453288,-1638.4269999999999072,-1464.6410000000000764,-1610.2288602932859917,-50257.81798568389786,-49897.097530715400353,-50199.28826646444557
0.03187574,0.5427161,0.8100240298507463,0.2513226502018911,0.04867734979810887,0.3,2e-09,0.67,0.00664957716053917,0.7747316875453288,-1570.7329999999999472,-1404.1420000000000528,-1543.7023053992773373,-48168.599589827805175,-47822.907405670288426,-48112.508325258773862
0.03188333,0.4977645,0.7429320895522388,0.2513226502018911,0.04867734979810887,0.3,2e-09,0.67,0.00664957716053917,0.7747316875453288,-1518.9130000000000109,-1357.8289999999999509,-1492.7758592837379962,-46568.42612221055606,-46234.202314706039033,-46514.195691581373815
0.03189306,0.1453609,0.21695656716417908,0.2513226502018911,0.04867734979810887,0.3,2e-09,0.67,0.00664957716053917,0.7747316875453288,-831.5488000000000284,-738.7604999999999791,-816.4931715457604105,-25465.46826449427681,-25262.333165874570113,-25432.508003654991747
0.03190486,0.2744239,0.40958791044776116,0.2513226502018911,0.04867734979810887,0.3,2e-09,0.67,0.00664957716053917,0.7747316875453288,-1172.8679999999999382,-1048.2480000000000473,-1152.6474288938654481,-35933.65735299250082,-35673.854628854700422,-35891.502326054641937
0.03191996,0.4360234,0.6507811940298507,0.2513226502018911,0.04867734979810887,0.3,2e-09,0.67,0.00664957716053917,0.7747316875453288,-1441.4800000000000182,-1288.7739999999998872,-1416.7022554057665178,-44144.80539943325857,-43828.44023366241163,-44093.472673306039354
0.03193162,0.1317014,0.19656925373134326,0.2513226502018911,0.04867734979810887,0.3,2e-09,0.67,0.00664957716053917,0.7747316875453288,-797.0522999999999456,-725.30600000000004,-785.4109008605997099,-24456.86358371129245,-24323.865663209551712,-24435.283629382343264
0.03200079,0.317794,0.47431940298507463,0.2513226502018911,0.04867734979810887,0.3,2e-09,0.67,0.00664957716053917,0.7747316875453288,-1259.9710000000000036,-1126.7290000000000418,-1238.351441860667847,-38490.4012338704415,-38214.787723992427345,-38445.68078310571868
0.03200287,0.3926604,0.5860602985074627,0.2513226502018911,0.04867734979810887,0.3,2e-09,0.67,0.00664957716053917,0.7747316875453288,-1383.1269999999999527,-1237.0070000000000618,-1359.4178854916676454,-42250.432396583186346,-41948.942842911761545,-42201.513355034717883
0.03206394,0.3439775,0.5133992537313432,0.2513226502018911,0.04867734979810887,0.3,2e-09,0.67,0.00664957716053917,0.7747316875453288,-1308.1349999999999909,-1170.2110000000000127,-1285.7557506881520092,-39885.20882831414201,-39601.533209213637747,-39839.180237180307394
0.0320729,0.3586872,0.5353540298507462,0.2513226502018911,0.04867734979810887,0.3,2e-09,0.67,0.00664957716053917,0.7747316875453288,-1332.9860000000001037,-1192.4680000000000746,-1310.1858538702311305,-40631.774913140005083,-40342.645792416355107,-40584.861448652383782
0.03208364,0.2089558,0.31187432835820894,0.2513226502018911,0.04867734979810887,0.3,2e-09,0.67,0.00664957716053917,0.7747316875453288,-1028.2919999999999163,-920.3269999999999982,-1010.7738330968237763,-31335.027689847633155,-31114.935315722865198,-31299.31597823707217
0.03214464,0.1406571,0.20993597014925372,0.2513226502018911,0.04867734979810887,0.3,2e-09,0.67,0.00664957716053917,0.7747316875453288,-828.2324999999999591,-744.3130999999999631,-814.61592003784184274,-25204.465928174628061,-25031.113234578333504,-25176.338095825854282
0.03222623,0.07261981,0.10838777611940299,0.2513226502018911,0.04867734979810887,0.3,2e-09,0.67,0.00664957716053917,0.7747316875453288,-512.38179999999999836,-444.65919999999999845,-501.39327770187526934,-15479.606712214514118,-15325.573925284921643,-15454.613686048681972
0.03233921,0.03164723,0.04723467164179104,0.2513226502018911,0.04867734979810887,0.3,2e-09,0.67,0.00664957716053917,0.7747316875453288,-241.44120000000000914,-208.00450000000000728,-236.01583352668523545,-7254.208920801482236,-7175.8611388885046836,-7241.4963795145348926
0.03242096,0.02179256,0.03252620895522388,0.2513226502018911,0.04867734979810887,0.3,2e-09,0.67,0.00664957716053917,0.7747316875453288,-165.0502999999999929,-145.44950000000000045,-161.86991667359074128,-4955.455786765940502,-4901.9948314769762874,-4946.7813280288005022
0.03271413,0.07767171,0.11592792537313433,0.2513226502018911,0.04867734979810887,0.3,2e-09,0.67,0.00664957716053917,0.7747316875453288,-554.7080999999999449,-493.22280000000000655,-544.73162848152770454,-16561.69164356347028,-16439.346022693891427,-16541.84010828568457
0.03275752,0.3059878,0.45669820895522384,0.2513226502018911,0.04867734979810887,0.3,2e-09,0.67,0.00664957716053917,0.7747316875453288,-1267.4210000000000491,-1137.0570000000000164,-1246.268419903064405,-37844.980623301547894,-37586.25005078141112,-37802.999561361453527
0.03277133,0.09169338,0.13685579104477613,0.2513226502018911,0.04867734979810887,0.3,2e-09,0.67,0.00664957716053917,0.7747316875453288,-647.2640999999999849,-595.25080000000002656,-638.8245346724866924,-19380.869848026752152,-19292.943613086350524,-19366.603127711333608
0.03280797,0.04227238,0.06309310447761193,0.2513226502018911,0.04867734979810887,0.3,2e-09,0.67,0.00664957716053917,0.7747316875453288,-338.26870000000002392,-310.14999999999997726,-333.7062206807730462,-10107.024151093010005,-10062.831750766525147,-10099.853587995974222
0.03281153,0.1,0.14925373134328357,0.2513226502018911,0.04867734979810887,0.3,2e-09,0.67,0.00664957716053917,0.7747316875453288,-676.5619000000000369,-606.2314999999999827,-665.15024172586359336,-20164.620498576437967,-20016.914942488630913,-20140.654115173736285
0.03282338,0.03493299,0.05213879104477611,0.2513226502018911,0.04867734979810887,0.3,2e-09,0.67,0.00664957716053917,0.7747316875453288,-272.53769999999997253,-239.10269999999999868,-267.11260936500072383,-8088.9870485439159893,-8018.9149556836628108,-8077.6173026264349346
0.03287584,0.2389793,0.3566855223880597,0.2513226502018911,0.04867734979810887,0.3,2e-09,0.67,0.00664957716053917,0.7747316875453288,-1125.7840000000001055,-1006.4289999999999736,-1106.4177163828223904,-33479.70056619560637,-33239.135434307674586,-33440.666989281813866
0.03288577,0.06328481,0.09445494029850746,0.2513226502018911,0.04867734979810887,0.3,2e-09,0.67,0.00664957716053917,0.7747316875453288,-473.7370000000000232,-413.96030000000001792,-464.03776221441127367,-14040.212150133193063,-13900.374642353195668,-14017.522419196182967
0.03294565,0.1955401,0.291850895522388,0.2513226502018911,0.04867734979810887,0.3,2e-09,0.67,0.00664957716053917,0.7747316875453288,-1013.37599999999997635,-902.7395999999999958,-995.42437752265493367,-30058.949763276716112,-29832.47008413763615,-30022.201661397992298
0.03296263,0.1604398,0.23946238805970146,0.2513226502018911,0.04867734979810887,0.3,2e-09,0.67,0.00664957716053917,0.7747316875453288,-906.7241999999999962,-807.73099999999999454,-890.66177791988609497,-26880.786830419910984,-26681.405335395102156,-26848.435621164601683
0.03301146,0.1502222,0.22421223880597013,0.2513226502018911,0.04867734979810887,0.3,2e-09,0.67,0.00664957716053917,0.7747316875453288,-871.591199999999958,-771.9559000000000424,-855.4245921655348542,-25782.50477145228433,-25571.701338890212355,-25748.3002633673949
0.03303808,0.08302536,0.12391844776119403,0.2513226502018911,0.04867734979810887,0.3,2e-09,0.67,0.00664957716053917,0.7747316875453288,-599.76080000000001746,-546.82539999999994507,-591.1716167249905891,-17792.079254777247115,-17703.59291642293465,-17777.721653295824948
0.03310563,0.09476899,0.14144625373134326,0.2513226502018911,0.04867734979810887,0.3,2e-09,0.67,0.00664957716053917,0.7747316875453288,-666.4859000000000151,-609.1494000000000142,-657.1826037776690705,-19740.374028601087048,-19635.804702044602891,-19723.40683631127614
0.03318057,0.2559077,0.3819517910447761,0.2513226502018911,0.04867734979810887,0.3,2e-09,0.67,0.00664957716053917,0.7747316875453288,-1178.8930000000000291,-1059.4290000000000873,-1159.5090302790623616,-34763.127084189247398,-34531.626981485489523,-34725.564379263882373
0.03320071,0.09794452,0.14618585074626864,0.2513226502018911,0.04867734979810887,0.3,2e-09,0.67,0.00664957716053917,0.7747316875453288,-678.7137000000000171,-613.7636999999999716,-668.1750537687093913,-20017.282500591594726,-19888.81363451461948,-19996.437420817608547
0.0333396,0.08871361,0.13240837313432835,0.2513226502018911,0.04867734979810887,0.3,2e-09,0.67,0.00664957716053917,0.7747316875453288,-642.717899999999986,-593.0281999999999698,-634.6553569724563037,-18926.798308251254639,-18849.731087426152953,-18914.293548031015186
0.03339432,0.1658082,0.24747492537313429,0.2513226502018911,0.04867734979810887,0.3,2e-09,0.67,0.00664957716053917,0.7747316875453288,-942.360300000000052,-848.0325000000000273,-927.05487561237980176,-27615.491030739427515,-27437.6898313293932,-27586.641393478739227
0.03351062,0.101224,0.15108059701492535,0.2513226502018911,0.04867734979810887,0.3,2e-09,0.67,0.00664957716053917,0.7747316875453288,-693.8934000000000424,-620.239400000000046,-681.9424615932336248,-20245.874754242595372,-20093.063429705685849,-20221.079919917275628
0.03351889,0.1891797,0.28235776119402983,0.2513226502018911,0.04867734979810887,0.3,2e-09,0.67,0.00664957716053917,0.7747316875453288,-1015.7300000000000182,-909.5988999999999578,-998.50939773613969547,-29637.312127012741257,-29427.185611792399868,-29603.217454068613476
0.03369878,0.05265468,0.07858907462686567,0.2513226502018911,0.04867734979810887,0.3,2e-09,0.67,0.00664957716053917,0.7747316875453288,-431.2448999999999728,-398.27539999999999054,-425.89534038610411068,-12564.299788928068665,-12507.113347161188358,-12555.020840829415891
0.03371156,0.04441426,0.06628994029850746,0.2513226502018911,0.04867734979810887,0.3,2e-09,0.67,0.00664957716053917,0.7747316875453288,-366.9666000000000281,-339.9859000000000151,-362.58877009434054686,-10688.763768221693681,-10650.724879846251497,-10682.591660637084829
0.03374435,0.03763079,0.05616535820895522,0.2513226502018911,0.04867734979810887,0.3,2e-09,0.67,0.00664957716053917,0.7747316875453288,-304.4538000000000011,-272.52429999999998245,-299.27298853207091928,-8815.707448574872615,-8757.465907056051947,-8806.25730227723017
0.03386626,0.2649483,0.39544522388059705,0.2513226502018911,0.04867734979810887,0.3,2e-09,0.67,0.00664957716053917,0.7747316875453288,-1224.1210000000000946,-1102.9639999999999418,-1204.4623277683683954,-35382.625881895386556,-35155.007018433971098,-35345.692938437518112
0.03405683,0.2160376,0.3224441791044776,0.2513226502018911,0.04867734979810887,0.3,2e-09,0.67,0.00664957716053917,0.7747316875453288,-1112.9839999999999236,-1005.75900000000001455,-1095.5859038929924477,-32003.737310402932053,-31807.340404338759981,-31971.870374083756936
0.03445149,0.1117275,0.16675746268656713,0.2513226502018911,0.04867734979810887,0.3,2e-09,0.67,0.00664957716053917,0.7747316875453288,-748.12649999999996453,-658.55179999999995744,-733.59230331679770154,-21192.460646283721871,-21009.388634091614222,-21162.755778364656065
0.03002733,0.1258879,0.1936736923076923,0.2613226502018911,0.04867734979810887,0.31,2e-09,0.65,0.006765211178936898,0.7675137118100495,-728.38400000000001455,-656.87170000000003256,-717.15487341300867447,-23735.587927388321987,-23588.665392987109954,-23712.51760609711996
0.03005207,0.1637892,0.2519833846153846,0.2613226502018911,0.04867734979810887,0.31,2e-09,0.65,0.006765211178936898,0.7675137118100495,-845.3663999999999987,-752.46870000000001255,-830.7792585860006583,-27479.669379034374288,-27272.950361251452705,-27447.209592135855159
0.03006604,0.2206663,0.3394866153846154,0.2613226502018911,0.04867734979810887,0.31,2e-09,0.65,0.006765211178936898,0.7675137118100495,-995.30939999999998236,-886.30939999999998236,-978.1938157161487312,-32341.82079894168055,-32094.604825156813604,-32303.002029807465357
0.03012545,0.01703023,0.026200353846153848,0.2613226502018911,0.04867734979810887,0.31,2e-09,0.65,0.006765211178936898,0.7675137118100495,-117.09749999999999659,-106.431100000000000705,-115.422622310043381376,-3791.5954064556362937,-3757.1951861448151249,-3786.1937562711139664
0.03018893,0.01352764,0.020811753846153847,0.2613226502018911,0.04867734979810887,0.31,2e-09,0.65,0.006765211178936898,0.7675137118100495,-86.996840000000005944,-81.771529999999998495,-86.17634244298852708,-2815.8652941985055804,-2798.5040628271849528,-2813.139169255319421
0.03020801,0.2442444,0.37576061538461536,0.2613226502018911,0.04867734979810887,0.31,2e-09,0.65,0.006765211178936898,0.7675137118100495,-1048.54099999999994,-930.07749999999998636,-1029.9394218457796496,-33896.012120680527005,-33625.567232903798867,-33853.545861314662147
0.03021271,0.008535364,0.01313132923076923,0.2613226502018911,0.04867734979810887,0.31,2e-09,0.65,0.006765211178936898,0.7675137118100495,-43.866210000000002367,-42.82417000000000229,-43.70258501424638209,-1409.926667678693093,-1406.2654858527989745,-1409.3517753289719915
0.03023592,0.01074539,0.01653136923076923,0.2613226502018911,0.04867734979810887,0.31,2e-09,0.65,0.006765211178936898,0.7675137118100495,-62.593600000000002126,-60.207500000000003126,-62.2189257278926833,-2020.2939421569533351,-2012.1540694568398067,-2019.0157891545805907
0.0302805,0.006779881,0.010430586153846153,0.2613226502018911,0.04867734979810887,0.31,2e-09,0.65,0.006765211178936898,0.7675137118100495,-30.321709999999999496,-29.879349999999998744,-30.252248992075186241,-963.11114444481802366,-961.5162728334399844,-962.8607117889788635
0.03029543,0.05611121,0.08632493846153846,0.2613226502018911,0.04867734979810887,0.31,2e-09,0.65,0.006765211178936898,0.7675137118100495,-407.85190000000000055,-365.2962999999999738,-401.16966184816641428,-13160.001059132107912,-13056.572733460499876,-13143.760359816786614
0.03039589,0.04592203,0.07064927692307693,0.2613226502018911,0.04867734979810887,0.31,2e-09,0.65,0.006765211178936898,0.7675137118100495,-346.32720000000000482,-319.9678000000000111,-342.1881492442958825,-11178.630372589532271,-11135.699920267436028,-11171.889273735745872
0.03042845,0.04997944,0.07689144615384615,0.2613226502018911,0.04867734979810887,0.31,2e-09,0.65,0.006765211178936898,0.7675137118100495,-375.544399999999996,-346.1209999999999809,-370.9242285998397213,-12107.140729077920696,-12052.333367819404884,-12098.534673931171443
0.03043413,0.106795,0.1643,0.2613226502018911,0.04867734979810887,0.31,2e-09,0.65,0.006765211178936898,0.7675137118100495,-646.739400000000046,-560.31169999999997344,-633.1682019833999453,-20690.570110084987391,-20472.083608862136316,-20656.262549290825028
0.03044835,0.1808067,0.27816415384615384,0.2613226502018911,0.04867734979810887,0.31,2e-09,0.65,0.006765211178936898,0.7675137118100495,-907.1023999999999887,-808.9009999999999536,-891.68245194043860413,-29113.477359868080384,-28893.076803842359368,-29078.869247089491049
0.03045527,0.2808997,0.43215338461538455,0.2613226502018911,0.04867734979810887,0.31,2e-09,0.65,0.006765211178936898,0.7675137118100495,-1131.3199999999999363,-1004.6789999999999736,-1111.4343604652182348,-36282.7859603330362,-35996.912771889285068,-36237.897091972465418
0.03045573,0.1584861,0.2438247692307692,0.2613226502018911,0.04867734979810887,0.31,2e-09,0.65,0.006765211178936898,0.7675137118100495,-835.06970000000001164,-737.62570000000005166,-819.7686816976550554,-26761.636435244236054,-26539.30274670059589,-26726.724774827644746
0.03046574,0.005385451,0.008285309230769231,0.2613226502018911,0.04867734979810887,0.31,2e-09,0.65,0.006765211178936898,0.7675137118100495,-20.826830000000001064,-20.64246999999999943,-20.797881109003936983,-647.04226509234774767,-646.36337148065865676,-646.935662699406116
0.03058634,0.1533562,0.23593261538461538,0.2613226502018911,0.04867734979810887,0.31,2e-09,0.65,0.006765211178936898,0.7675137118100495,-819.4942999999999529,-719.30100000000004457,-803.7615764144293906,-26130.773742326899082,-25894.89735284935523,-26093.735556779435038
0.03061022,0.110367,0.16979538461538463,0.2613226502018911,0.04867734979810887,0.31,2e-09,0.65,0.006765211178936898,0.7675137118100495,-663.72500000000002274,-575.53369999999995343,-649.87687497016138977,-21114.636032914320822,-20897.629705752653535,-21080.56089454124937
0.03063445,0.1749418,0.2691412307692308,0.2613226502018911,0.04867734979810887,0.31,2e-09,0.65,0.006765211178936898,0.7675137118100495,-899.16010000000005675,-806.8573999999999842,-884.66638769287126287,-28706.962792156678915,-28509.78296515117836,-28676.000884375136227
0.03064946,0.1033378,0.15898123076923076,0.2613226502018911,0.04867734979810887,0.31,2e-09,0.65,0.006765211178936898,0.7675137118100495,-640.8126999999999498,-559.66449999999997544,-628.0705086552034643,-20378.39123589797964,-20176.924001392475475,-20346.756103488681942
0.03068708,0.05404721,0.08314955384615384,0.2613226502018911,0.04867734979810887,0.31,2e-09,0.65,0.006765211178936898,0.7675137118100495,-402.67439999999999145,-365.39460000000002537,-396.82058753224661765,-12849.045479072159651,-12766.354850472847829,-12836.061089867790947
0.03071007,0.047956,0.07377846153846153,0.2613226502018911,0.04867734979810887,0.31,2e-09,0.65,0.006765211178936898,0.7675137118100495,-365.04279999999999973,-337.75310000000001764,-360.7576700877888435,-11666.414883161844045,-11620.55641172790456,-11659.214015887016378
0.03077815,0.1996655,0.3071776923076923,0.2613226502018911,0.04867734979810887,0.31,2e-09,0.65,0.006765211178936898,0.7675137118100495,-960.7998999999999796,-851.57650000000001,-943.649236619552292,-30484.705527365520538,-30239.93306314729125,-30446.27044716650092
0.03078018,0.1692719,0.26041830769230767,0.2613226502018911,0.04867734979810887,0.31,2e-09,0.65,0.006765211178936898,0.7675137118100495,-886.10810000000003583,-795.6327999999999747,-871.90133281874564514,-28158.92712697495881,-27969.720682007231517,-28129.217229214469809
0.03099878,0.2282124,0.351096,0.2613226502018911,0.04867734979810887,0.31,2e-09,0.65,0.006765211178936898,0.7675137118100495,-1040.3309999999999036,-925.93600000000003547,-1022.36827280595254963,-32792.48895851019188,-32540.033306968074612,-32752.847435740431164
0.0310349,0.1300977,0.2001503076923077,0.2613226502018911,0.04867734979810887,0.31,2e-09,0.65,0.006765211178936898,0.7675137118100495,-770.2983000000000402,-698.740099999999984,-759.061966024764385,-24310.893248360211146,-24170.860751790893119,-24288.904826364701067
0.03106958,0.06933995,0.10667684615384615,0.2613226502018911,0.04867734979810887,0.31,2e-09,0.65,0.006765211178936898,0.7675137118100495,-478.859800000000007,-410.93389999999999418,-468.19382324306009066,-14988.706751593546869,-14819.048491108243979,-14962.066382265217168
0.03116599,0.3263369,0.5020567692307691,0.2613226502018911,0.04867734979810887,0.31,2e-09,0.65,0.006765211178936898,0.7675137118100495,-1240.3979999999999109,-1105.30600000000004,-1219.1853531002381581,-38896.444440834100533,-38603.593236855624127,-38850.45985859262004
0.03118442,0.1389444,0.21376061538461538,0.2613226502018911,0.04867734979810887,0.31,2e-09,0.65,0.006765211178936898,0.7675137118100495,-798.752399999999966,-714.80520000000001346,-785.570699293639258,-25045.509918637071678,-24862.090435601025092,-25016.708711103088527
0.03119928,0.2064097,0.3175533846153846,0.2613226502018911,0.04867734979810887,0.31,2e-09,0.65,0.006765211178936898,0.7675137118100495,-994.5925999999999476,-887.6069999999999709,-977.79332427561099217,-31160.877219431306003,-30932.22848741305279,-31124.9739474656704
0.03125795,0.1218143,0.18740661538461537,0.2613226502018911,0.04867734979810887,0.31,2e-09,0.65,0.006765211178936898,0.7675137118100495,-736.52329999999994925,-660.88779999999997017,-724.64673325595195585,-23046.930115024300903,-22894.093956309312489,-23022.93121450956184
0.03126155,0.143591,0.22090923076923075,0.2613226502018911,0.04867734979810887,0.31,2e-09,0.65,0.006765211178936898,0.7675137118100495,-810.4551999999999907,-717.87210000000004584,-795.91745824486028826,-25317.485561895482533,-25107.166622086388088,-25284.460501888208043
0.03132774,0.07933011,0.12204632307692306,0.2613226502018911,0.04867734979810887,0.31,2e-09,0.65,0.006765211178936898,0.7675137118100495,-548.14819999999997435,-491.93720000000001846,-539.32174029193059656,-17111.967861891018401,-17001.347118242087163,-17094.597782428029019
0.03140734,0.03952416,0.060806400000000004,0.2613226502018911,0.04867734979810887,0.31,2e-09,0.65,0.006765211178936898,0.7675137118100495,-303.45690000000001874,-273.90370000000001482,-298.81634692240815537,-9450.28370834038833,-9395.789187644906633,-9441.7267765791807905
0.03142557,0.3701285,0.5694284615384616,0.2613226502018911,0.04867734979810887,0.31,2e-09,0.65,0.006765211178936898,0.7675137118100495,-1322.1549999999999727,-1179.6199999999998909,-1299.7736256339564899,-41126.71535849419888,-40822.255786169538624,-41078.907987199257757
0.03143987,0.2710671,0.4170263076923077,0.2613226502018911,0.04867734979810887,0.31,2e-09,0.65,0.006765211178936898,0.7675137118100495,-1148.3569999999999709,-1024.4110000000000582,-1128.894539361043771,-35703.637838029731938,-35437.9330437381941,-35661.915885724039203
0.03150462,0.2912646,0.44809938461538457,0.2613226502018911,0.04867734979810887,0.31,2e-09,0.65,0.006765211178936898,0.7675137118100495,-1190.1289999999999054,-1062.1210000000000946,-1170.0287090549794662,-36928.553619821592292,-36656.377165545112803,-36885.815463461510337
0.03150748,0.06033701,0.09282616923076924,0.2613226502018911,0.04867734979810887,0.31,2e-09,0.65,0.006765211178936898,0.7675137118100495,-442.90730000000002065,-388.5624000000000251,-434.37386223534435653,-13709.95371262579647,-13575.343473603930761,-13688.816713621685214
0.03151792,1.075721,1.6549553846153844,0.2613226502018911,0.04867734979810887,0.31,2e-09,0.65,0.006765211178936898,0.7675137118100495,-1964.9629999999999654,-1754.2860000000000582,-1931.8817160534960321,-60949.20108610427269,-60502.554662255744915,-60879.06700800830336
0.03152953,0.8562323,1.3172804615384615,0.2613226502018911,0.04867734979810887,0.31,2e-09,0.65,0.006765211178936898,0.7675137118100495,-1825.0399999999999636,-1629.3930000000000291,-1794.3187824001591849,-56588.479829857438745,-56173.895209985297697,-56523.380215139914696
0.0315327,0.4075999,0.6270767692307693,0.2613226502018911,0.04867734979810887,0.31,2e-09,0.65,0.006765211178936898,0.7675137118100495,-1382.1359999999999673,-1233.7609999999999673,-1358.8376071732437326,-42850.113227119640214,-42535.110498692505644,-42800.650330348647017
0.0315419,0.6975375,1.0731346153846153,0.2613226502018911,0.04867734979810887,0.31,2e-09,0.65,0.006765211178936898,0.7675137118100495,-1700.8989999999998872,-1518.58400000000006,-1672.2712224888958675,-52718.785504960091203,-52332.589394535549218,-52658.143559289752567
0.03155042,0.5983625,0.9205576923076924,0.2613226502018911,0.04867734979810887,0.31,2e-09,0.65,0.006765211178936898,0.7675137118100495,-1609.0540000000000873,-1436.5920000000000982,-1581.9733770939307798,-49858.708719788643066,-49493.444474232055654,-49801.35357317670569
0.03155079,0.4576163,0.7040250769230768,0.2613226502018911,0.04867734979810887,0.31,2e-09,0.65,0.006765211178936898,0.7675137118100495,-1450.2709999999999582,-1294.7360000000001037,-1425.8483174166164529,-44937.62277561164956,-44607.921761306148255,-44885.85189947570946
0.03155773,0.5353278,0.8235812307692307,0.2613226502018911,0.04867734979810887,0.31,2e-09,0.65,0.006765211178936898,0.7675137118100495,-1543.1020000000000891,-1377.7180000000000746,-1517.1327909064179258,-47804.1754593274527,-47453.892381952486176,-47749.172711308935156
0.03155894,0.05820566,0.08954716923076923,0.2613226502018911,0.04867734979810887,0.31,2e-09,0.65,0.006765211178936898,0.7675137118100495,-434.26560000000000628,-385.7611999999999739,-426.64925920791161076,-13441.484020507305104,-13325.452057808808604,-13423.264251358801452
0.03156521,0.4912048,0.7556996923076923,0.2613226502018911,0.04867734979810887,0.31,2e-09,0.65,0.006765211178936898,0.7675137118100495,-1492.5480000000000018,-1332.5920000000000982,-1467.4311155990118432,-46227.128964539049775,-45888.396273824429954,-46173.93990107462708
0.03160277,0.4304721,0.6622647692307693,0.2613226502018911,0.04867734979810887,0.31,2e-09,0.65,0.006765211178936898,0.7675137118100495,-1416.9420000000000073,-1265.2560000000000855,-1393.1237016726581744,-43834.402628736643237,-43513.704834748830763,-43784.045471648169226
0.03160818,0.02666909,0.041029369230769226,0.2613226502018911,0.04867734979810887,0.31,2e-09,0.65,0.006765211178936898,0.7675137118100495,-200.05719999999999459,-170.89750000000000796,-195.47843575190993391,-6143.322662519190999,-6065.6398303464548007,-6131.124616083770618
0.03160887,0.3138854,0.4829006153846153,0.2613226502018911,0.04867734979810887,0.31,2e-09,0.65,0.006765211178936898,0.7675137118100495,-1236.2789999999999964,-1103.8160000000000309,-1215.4791684312679975,-38237.600189517419494,-37956.921441905840766,-38193.52697152262903
0.03167789,0.3877448,0.5965304615384616,0.2613226502018911,0.04867734979810887,0.31,2e-09,0.65,0.006765211178936898,0.7675137118100495,-1359.5709999999999127,-1214.3889999999998963,-1336.7739838761641983,-41962.012363141235255,-41656.19034420753451,-41913.991055426397356
0.0316832,0.06473297,0.09958918461538462,0.2613226502018911,0.04867734979810887,0.31,2e-09,0.65,0.006765211178936898,0.7675137118100495,-464.65510000000000446,-400.57729999999997972,-454.59336617776364445,-14272.8032599939779175,-14112.4152779579580965,-14247.61854417146028
0.03170963,0.3542397,0.5449841538461538,0.2613226502018911,0.04867734979810887,0.31,2e-09,0.65,0.006765211178936898,0.7675137118100495,-1308.9210000000000491,-1169.2599999999999909,-1286.990911773697748,-40359.02428183639131,-40065.077879844611743,-40312.867727540744017
0.03171968,0.08478012,0.13043095384615383,0.2613226502018911,0.04867734979810887,0.31,2e-09,0.65,0.006765211178936898,0.7675137118100495,-591.9556999999999789,-542.328200000000038,-584.1630058803043095,-18302.399105802018312,-18218.70591045375113,-18289.257289848182882
0.03176599,0.3397264,0.522656,0.2613226502018911,0.04867734979810887,0.31,2e-09,0.65,0.006765211178936898,0.7675137118100495,-1287.2439999999999145,-1150.1869999999998981,-1265.7228015120017359,-39621.956573322102486,-39334.55768306922255,-39576.82813360458923
0.03198658,0.07419432,0.11414510769230768,0.2613226502018911,0.04867734979810887,0.31,2e-09,0.65,0.006765211178936898,0.7675137118100495,-523.0021000000000413,-458.37630000000001473,-512.8543171852173427,-15945.079096307676082,-15803.161616808816689,-15922.794687301120456
0.0320006,0.1483931,0.2282970769230769,0.2613226502018911,0.04867734979810887,0.31,2e-09,0.65,0.006765211178936898,0.7675137118100495,-840.87019999999995434,-741.9678000000000111,-825.34017832041125207,-25652.519701028064446,-25432.22072050357383,-25617.927538011425549
0.03222817,0.2134047,0.32831492307692306,0.2613226502018911,0.04867734979810887,0.31,2e-09,0.65,0.006765211178936898,0.7675137118100495,-1047.6079999999999472,-941.1286000000000058,-1030.8882096771200348,-31807.95506755562019,-31594.098229373859795,-31774.374473623712275
0.03228643,0.2527823,0.38889584615384615,0.2613226502018911,0.04867734979810887,0.31,2e-09,0.65,0.006765211178936898,0.7675137118100495,-1140.3650000000000091,-1021.7580000000000382,-1121.7408889435344562,-34550.724880884306913,-34309.71855615555978,-34512.881173876637405
0.03230189,0.06700773,0.10308881538461538,0.2613226502018911,0.04867734979810887,0.31,2e-09,0.65,0.006765211178936898,0.7675137118100495,-484.66039999999998145,-417.60770000000002256,-474.13153634578171403,-14602.789913981296195,-14441.527277371586024,-14577.4678566535008075
0.0323479,0.1178725,0.1813423076923077,0.2613226502018911,0.04867734979810887,0.31,2e-09,0.65,0.006765211178936898,0.7675137118100495,-739.14589999999998327,-657.63630000000000564,-726.34696028676143725,-22330.455833140251343,-22163.550501250563684,-22304.247738870688666
0.03236887,0.302231,0.46497076923076924,0.2613226502018911,0.04867734979810887,0.31,2e-09,0.65,0.006765211178936898,0.7675137118100495,-1244.1259999999999764,-1114.4829999999999472,-1223.7689752907217315,-37598.197845271650294,-37334.670315169852984,-37556.817775064561772
0.0324588,0.03120005,0.04800007692307692,0.2613226502018911,0.04867734979810887,0.31,2e-09,0.65,0.006765211178936898,0.7675137118100495,-241.1273999999999944,-207.7353999999999985,-235.88406430819852248,-7221.983665453251888,-7143.9201857595435285,-7209.725848332256996
0.0325605,0.07173404,0.11036006153846153,0.2613226502018911,0.04867734979810887,0.31,2e-09,0.65,0.006765211178936898,0.7675137118100495,-515.760599999999954,-448.4397999999999911,-505.18963828939177102,-15433.855684908516196,-15282.995446930590333,-15410.1670507966530055
0.0326174,0.2360638,0.3631750769230769,0.2613226502018911,0.04867734979810887,0.31,2e-09,0.65,0.006765211178936898,0.7675137118100495,-1110.1710000000000491,-991.665300000000002,-1091.5627954452588361,-33283.73076088745438,-33041.136234540441365,-33245.637668571002354
0.03262956,0.09057664,0.13934867692307693,0.2613226502018911,0.04867734979810887,0.31,2e-09,0.65,0.006765211178936898,0.7675137118100495,-640.655399999999986,-588.6385999999999967,-632.48752913232810724,-19267.936549829795695,-19178.365954453078302,-19253.871842724060498
0.03263969,0.1931582,0.29716646153846155,0.2613226502018911,0.04867734979810887,0.31,2e-09,0.65,0.006765211178936898,0.7675137118100495,-998.3348999999999478,-888.55579999999997654,-981.0969785444464216,-29896.34772002093814,-29667.77431946330762,-29860.456276880656876
0.03267877,0.02143097,0.03297072307692308,0.2613226502018911,0.04867734979810887,0.31,2e-09,0.65,0.006765211178936898,0.7675137118100495,-164.92240000000001032,-145.34499999999999886,-161.8482840389112986,-4914.850066853258795,-4861.8536978249658205,-4906.528380423516785
0.03274493,0.1868756,0.2875009230769231,0.2613226502018911,0.04867734979810887,0.31,2e-09,0.65,0.006765211178936898,0.7675137118100495,-986.5479000000000269,-880.90989999999999327,-969.9602294258947131,-29461.380486519548867,-29243.425515312479547,-29427.15638853992266
0.03276602,0.09361488,0.1440228923076923,0.2613226502018911,0.04867734979810887,0.31,2e-09,0.65,0.006765211178936898,0.7675137118100495,-655.6699999999999591,-598.17619999999999436,-646.64211027799181764,-19620.412528785491304,-19512.578688628182135,-19603.480059245455509
0.03277069,0.06251103,0.09617081538461537,0.2613226502018911,0.04867734979810887,0.31,2e-09,0.65,0.006765211178936898,0.7675137118100495,-469.92369999999999663,-410.03419999999999845,-460.51962857827789657,-13979.632481700873541,-13837.995292359590167,-13957.392084894464335
0.03282515,0.04173978,0.06421504615384614,0.2613226502018911,0.04867734979810887,0.31,2e-09,0.65,0.006765211178936898,0.7675137118100495,-337.02960000000001628,-309.19929999999999382,-332.65958307068931477,-10068.064927500614431,-10024.472135530988453,-10061.219825618736899
0.03282889,0.0967518,0.14884892307692307,0.2613226502018911,0.04867734979810887,0.31,2e-09,0.65,0.006765211178936898,0.7675137118100495,-667.0923000000000229,-601.92219999999997526,-656.8590491803943737,-19896.322805585507012,-19763.818387047464057,-19875.516470324307857
0.03293457,0.03446757,0.05302703076923077,0.2613226502018911,0.04867734979810887,0.31,2e-09,0.65,0.006765211178936898,0.7675137118100495,-272.32200000000000273,-239.01970000000000027,-267.09274933489817402,-8059.4935154467075336,-7989.935317313370433,-8048.5712291826339593
0.03297072,0.1344483,0.20684353846153844,0.2613226502018911,0.04867734979810887,0.31,2e-09,0.65,0.006765211178936898,0.7675137118100495,-832.1793999999999869,-755.86220000000002983,-820.19579019350885885,-24736.11606580325315,-24593.043773725730716,-24713.650323842365683
0.03310708,0.1140582,0.17547415384615384,0.2613226502018911,0.04867734979810887,0.31,2e-09,0.65,0.006765211178936898,0.7675137118100495,-734.65239999999994325,-648.06949999999994816,-721.05683190375898917,-21665.614811726907647,-21483.98405448934136,-21637.094476552234026
0.03317897,0.08763306,0.1348200923076923,0.2613226502018911,0.04867734979810887,0.31,2e-09,0.65,0.006765211178936898,0.7675137118100495,-636.1150000000000091,-586.6517999999999802,-628.34810487569732057,-18825.246701713294897,-18747.11741950261785,-18812.978552037020494
0.03319084,0.2617102,0.4026310769230769,0.2613226502018911,0.04867734979810887,0.31,2e-09,0.65,0.006765211178936898,0.7675137118100495,-1192.06899999999996,-1071.4890000000000327,-1173.1350811656258015,-35153.494968347804388,-34918.334178751661966,-35116.569148947896977
0.03319641,0.1,0.15384615384615385,0.2613226502018911,0.04867734979810887,0.31,2e-09,0.65,0.006765211178936898,0.7675137118100495,-683.46249999999997726,-609.6286999999999807,-671.8688428725044129,-20130.858289215288096,-19974.23319508748682,-20106.264436008769222
0.03322562,0.09999141,0.15383293846153845,0.2613226502018911,0.04867734979810887,0.31,2e-09,0.65,0.006765211178936898,0.7675137118100495,-684.02750000000003183,-610.2113000000000511,-672.43660648978333033,-20130.227845323966903,-19973.874479780173715,-20105.676659947555486
0.03330544,0.07672497,0.11803841538461539,0.2613226502018911,0.04867734979810887,0.31,2e-09,0.65,0.006765211178936898,0.7675137118100495,-562.4556999999999789,-501.5688000000000102,-552.8950131308951876,-16509.228055933075666,-16391.502662595987204,-16490.742378024720322
0.03349573,0.05200622,0.08000956923076923,0.2613226502018911,0.04867734979810887,0.31,2e-09,0.65,0.006765211178936898,0.7675137118100495,-426.39220000000000255,-393.4060999999999808,-421.2126002316922315,-12498.81703862705217,-12440.451324327619659,-12489.652237687793694
0.03356315,0.04385883,0.06747512307692308,0.2613226502018911,0.04867734979810887,0.31,2e-09,0.65,0.006765211178936898,0.7675137118100495,-363.75769999999999982,-337.05509999999998172,-359.56475870735809516,-10644.1905472765338345,-10606.353832617358421,-10638.249286003384201
0.03372616,0.08201381,0.1261750923076923,0.2613226502018911,0.04867734979810887,0.31,2e-09,0.65,0.006765211178936898,0.7675137118100495,-609.2765000000000555,-556.87030000000004293,-601.0474841000333894,-17718.562293133250932,-17633.746012638857792,-17705.244126184216398
0.03386101,0.03714357,0.057143953846153846,0.2613226502018911,0.04867734979810887,0.31,2e-09,0.65,0.006765211178936898,0.7675137118100495,-304.29779999999999518,-272.5824999999999818,-299.31774596112267478,-8785.02024553641786,-8727.469127418633434,-8775.983355510959924
0.03005839,0.01090747,0.016526469696969696,0.2613226502018911,0.04867734979810887,0.31,2e-09,0.66,0.00675896128231278,0.7808074547026892,-62.594880000000003406,-60.202139999999999986,-62.219163090464750198,-2032.3971804349162085,-2024.197743653482803,-2031.1096744595698806
0.03006245,0.01373168,0.020805575757575755,0.2613226502018911,0.04867734979810887,0.31,2e-09,0.66,0.00675896128231278,0.7808074547026892,-87.23499999999999943,-81.99420000000000641,-86.41207014573570763,-2835.8264762793373848,-2818.37779876940931,-2833.0866202191270904
0.03009364,0.03487329,0.05283831818181818,0.2613226502018911,0.04867734979810887,0.31,2e-09,0.66,0.00675896128231278,0.7808074547026892,-251.73689999999999145,-218.60620000000000118,-246.53459460336705468,-8138.837863292462316,-8059.3473384843264284,-8126.3559662546524125
0.03010153,0.0172871,0.026192575757575755,0.2613226502018911,0.04867734979810887,0.31,2e-09,0.66,0.00675896128231278,0.7808074547026892,-117.94710000000000605,-107.24859999999999616,-116.26718184898364891,-3823.0592425439499493,-3788.6666314289464026,-3817.6587871835776176
0.03010709,0.04433934,0.06718081818181817,0.2613226502018911,0.04867734979810887,0.31,2e-09,0.66,0.00675896128231278,0.7808074547026892,-330.04289999999997463,-303.20589999999998554,-325.82885472086496123,-10747.60875615886107,-10702.366715714440943,-10740.504683164366096
0.0302837,0.008664107,0.013127434848484849,0.2613226502018911,0.04867734979810887,0.31,2e-09,0.66,0.00675896128231278,0.7808074547026892,-44.17669999999999675,-43.1310100000000034,-44.01250187770843203,-1416.9201792072728949,-1413.2793774890958503,-1416.3484870176558668
0.0303018,0.006882145,0.010427492424242424,0.2613226502018911,0.04867734979810887,0.31,2e-09,0.66,0.00675896128231278,0.7808074547026892,-30.459599999999998232,-30.015850000000000364,-30.389920729119639063,-966.98767083357699903,-965.3990795716831599,-966.7382243415078105
0.03042071,0.2468474,0.3740112121212121,0.2613226502018911,0.04867734979810887,0.31,2e-09,0.66,0.00675896128231278,0.7808074547026892,-1074.72199999999998,-954.568300000000022,-1055.8550203727836755,-34514.157310092487023,-34243.191188650707772,-34471.609204683261638
0.0304423,0.1272258,0.19276636363636362,0.2613226502018911,0.04867734979810887,0.31,2e-09,0.66,0.00675896128231278,0.7808074547026892,-749.4216999999999871,-676.9923000000000002,-738.04856696946075567,-24100.864851020349306,-23955.306501048562495,-24078.00873902804896
0.03046268,0.005466682,0.008282851515151514,0.2613226502018911,0.04867734979810887,0.31,2e-09,0.66,0.00675896128231278,0.7808074547026892,-20.88832000000000022,-20.703469999999999374,-20.859294167386513442,-649.0982667479934207,-648.4216160071621289,-648.99201653895280517
0.03052484,0.1601706,0.24268272727272724,0.2613226502018911,0.04867734979810887,0.31,2e-09,0.66,0.00675896128231278,0.7808074547026892,-850.490099999999984,-751.7636999999999716,-834.987714493199874,-27202.574673112067103,-26978.27864995152413,-27167.354879635580424
0.03055099,0.05671276,0.08592842424242424,0.2613226502018911,0.04867734979810887,0.31,2e-09,0.66,0.00675896128231278,0.7808074547026892,-415.78179999999997563,-373.025100000000009,-409.067984380281238,-13309.961275044413924,-13207.791682546259835,-13293.918226680661531
0.0306698,0.05051909,0.07654407575757576,0.2613226502018911,0.04867734979810887,0.31,2e-09,0.66,0.00675896128231278,0.7808074547026892,-382.29199999999997317,-352.58719999999999573,-377.62764212811974315,-12232.001686327454081,-12177.290787649275444,-12223.410778092852003
0.03072602,0.04642204,0.07033642424242424,0.2613226502018911,0.04867734979810887,0.31,2e-09,0.66,0.00675896128231278,0.7808074547026892,-353.3749000000000251,-326.71030000000001792,-349.18792560830111688,-11287.830196937276924,-11244.856882283267623,-11281.082367681155529
0.03073152,0.2839041,0.4301577272727272,0.2613226502018911,0.04867734979810887,0.31,2e-09,0.66,0.00675896128231278,0.7808074547026892,-1162.4539999999999509,-1033.9739999999999327,-1142.2795938643191346,-36963.600788326351903,-36678.038786365454143,-36918.760783621515
0.03082901,0.2230147,0.3379010606060606,0.2613226502018911,0.04867734979810887,0.31,2e-09,0.66,0.00675896128231278,0.7808074547026892,-1038.1220000000000709,-927.676900000000046,-1020.7795007542351126,-32925.274881630459276,-32684.96721973246531,-32887.540881251832595
0.03088776,0.1827287,0.2768616666666666,0.2613226502018911,0.04867734979810887,0.31,2e-09,0.66,0.00675896128231278,0.7808074547026892,-935.59810000000004493,-836.28480000000001837,-920.003557278372475,-29618.774341132138943,-29401.389502409023407,-29584.639767469779695
0.03093515,0.05462773,0.08276928787878787,0.2613226502018911,0.04867734979810887,0.31,2e-09,0.66,0.00675896128231278,0.7808074547026892,-410.23029999999999973,-372.72469999999998436,-404.34103157874851125,-12990.635705368677009,-12908.747882263103747,-12977.77737566056144
0.03097365,0.2017887,0.3057404545454545,0.2613226502018911,0.04867734979810887,0.31,2e-09,0.66,0.00675896128231278,0.7808074547026892,-983.3672000000000253,-872.6154000000000224,-965.9765415826767515,-31016.158054566945793,-30770.636627943207714,-30977.605369513092073
0.03102702,0.1044361,0.15823651515151516,0.2613226502018911,0.04867734979810887,0.31,2e-09,0.66,0.00675896128231278,0.7808074547026892,-658.05340000000001055,-576.2699999999999818,-645.2114671952301,-20684.872203890819947,-20486.271173644949158,-20653.68713350519676
0.03105644,0.04847571,0.07344804545454545,0.2613226502018911,0.04867734979810887,0.31,2e-09,0.66,0.00675896128231278,0.7808074547026892,-372.7115999999999758,-345.11849999999998317,-368.37882909447028118,-11783.217071213968666,-11737.4582392233987775,-11776.03184969410377
0.03115185,0.1549861,0.23482742424242423,0.2613226502018911,0.04867734979810887,0.31,2e-09,0.66,0.00675896128231278,0.7808074547026892,-847.7581000000000131,-746.2133999999999787,-831.8131745740514797,-26559.350021306003327,-26327.292681586899562,-26522.911517116564609
0.03116355,0.10793,0.16353030303030303,0.2613226502018911,0.04867734979810887,0.31,2e-09,0.66,0.00675896128231278,0.7808074547026892,-671.6346999999999525,-584.36810000000002674,-657.9317747938978296,-21002.763762343907729,-20790.70218955128803,-20969.46506764208921
0.03118315,0.1710711,0.2591986363636364,0.2613226502018911,0.04867734979810887,0.31,2e-09,0.66,0.00675896128231278,0.7808074547026892,-912.36350000000004457,-820.76110000000005584,-897.9797513963022812,-28633.933597459978046,-28446.614757148254284,-28604.520098383749186
0.03118901,0.1768013,0.2678807575757576,0.2613226502018911,0.04867734979810887,0.31,2e-09,0.66,0.00675896128231278,0.7808074547026892,-930.53309999999999036,-837.15859999999997854,-915.87108968153696814,-29199.513631069785333,-29006.107953579212335,-29169.144354243496606
0.03122016,0.08017398,0.12147572727272728,0.2613226502018911,0.04867734979810887,0.31,2e-09,0.66,0.00675896128231278,0.7808074547026892,-553.24090000000001055,-496.39859999999998763,-544.31531122442240855,-17333.07796566185425,-17220.46229485848744,-17315.394635337840445
0.03135567,0.0700787,0.10617984848484847,0.2613226502018911,0.04867734979810887,0.31,2e-09,0.66,0.00675896128231278,0.7808074547026892,-489.18779999999998154,-420.86349999999998772,-478.45926499738404628,-15180.918382326393839,-15013.122390829328651,-15154.570433381802682
0.0314016,0.230642,0.34945757575757574,0.2613226502018911,0.04867734979810887,0.31,2e-09,0.66,0.00675896128231278,0.7808074547026892,-1072.3769999999999527,-956.4741999999999962,-1054.1775124574829422,-33387.638214910723036,-33137.42536344753171,-33348.348864927960346
0.03145706,0.0856816,0.12982060606060605,0.2613226502018911,0.04867734979810887,0.31,2e-09,0.66,0.00675896128231278,0.7808074547026892,-594.78930000000002565,-544.55150000000003274,-586.9007743106856838,-18544.5525612760066,-18458.520617529491574,-18531.043506374198152
0.03145719,0.3298538,0.4997784848484848,0.2613226502018911,0.04867734979810887,0.31,2e-09,0.66,0.00675896128231278,0.7808074547026892,-1275.5429999999998927,-1138.44399999999996,-1254.0152065162226294,-39646.84776919903379,-39354.382762578869006,-39600.923829099173233
0.03151067,0.03996621,0.060554863636363636,0.2613226502018911,0.04867734979810887,0.31,2e-09,0.66,0.00675896128231278,0.7808074547026892,-307.23750000000001137,-277.48930000000001428,-302.56632729914804808,-9539.516176942343009,-9484.842578782034252,-9530.931125773405527
0.03152724,0.1231089,0.18652863636363634,0.2613226502018911,0.04867734979810887,0.31,2e-09,0.66,0.00675896128231278,0.7808074547026892,-753.8348999999999478,-677.21289999999999054,-741.8034293669976521,-23396.722513684344449,-23243.978052116370236,-23372.73801179573547
0.03154516,0.1314804,0.19921272727272726,0.2613226502018911,0.04867734979810887,0.31,2e-09,0.66,0.00675896128231278,0.7808074547026892,-794.7939999999999827,-722.40840000000002874,-783.42774460791609914,-24692.363569719862426,-24554.544621042714425,-24670.722727224488
0.03158742,0.02705147,0.04098707575757576,0.2613226502018911,0.04867734979810887,0.31,2e-09,0.66,0.00675896128231278,0.7808074547026892,-201.97659999999999059,-172.81440000000000623,-197.39744319263736475,-6208.7092914427767028,-6131.2991806809031914,-6196.5540687348214504
0.03162405,0.145117,0.21987424242424242,0.2613226502018911,0.04867734979810887,0.31,2e-09,0.66,0.00675896128231278,0.7808074547026892,-832.87580000000002656,-739.3428000000000111,-818.18890142365636436,-25733.886199203498109,-25525.724241568896105,-25701.199836537566616
0.03167222,0.1404211,0.2127592424242424,0.2613226502018911,0.04867734979810887,0.31,2e-09,0.66,0.00675896128231278,0.7808074547026892,-823.95699999999999363,-739.18439999999998236,-810.6456919242090842,-25453.705145114312472,-25273.46721344287289,-25425.403516576056392
0.03168773,0.11154,0.16899999999999998,0.2613226502018911,0.04867734979810887,0.31,2e-09,0.66,0.00675896128231278,0.7808074547026892,-696.65589999999997417,-607.419399999999996,-682.64365378948721336,-21432.414244176216016,-21224.797070458309463,-21399.81342550150146
0.03173173,0.3741636,0.5669145454545454,0.2613226502018911,0.04867734979810887,0.31,2e-09,0.66,0.00675896128231278,0.7808074547026892,-1360.70900000000006,-1216.0109999999999673,-1337.9879833513329939,-41937.487634722536313,-41633.535861359989212,-41889.759999904068263
0.0317407,0.1191252,0.18049272727272728,0.2613226502018911,0.04867734979810887,0.31,2e-09,0.66,0.00675896128231278,0.7808074547026892,-736.3467000000000553,-653.96550000000002,-723.4108984219743014,-22667.944837907554756,-22494.270038022146764,-22640.67377666517194
0.03178028,0.2943842,0.44603666666666664,0.2613226502018911,0.04867734979810887,0.31,2e-09,0.66,0.00675896128231278,0.7808074547026892,-1222.678000000000111,-1092.8209999999999127,-1202.2873722169902433,-37626.45821379897825,-37354.514533606081386,-37583.756608488866174
0.03180146,0.273963,0.41509545454545455,0.2613226502018911,0.04867734979810887,0.31,2e-09,0.66,0.00675896128231278,0.7808074547026892,-1182.6949999999999363,-1057.0260000000000673,-1162.9619875103916713,-36371.884016926276672,-36107.719267661203048,-36330.403888202706582
0.03183909,1.091924,1.6544303030303027,0.2613226502018911,0.04867734979810887,0.31,2e-09,0.66,0.00675896128231278,0.7808074547026892,-2030.4510000000000218,-1815.8130000000001019,-1996.7477451420434716,-62375.33015140391217,-61928.170054325208184,-62305.115414432110693
0.03184812,0.4121072,0.6244048484848485,0.2613226502018911,0.04867734979810887,0.31,2e-09,0.66,0.00675896128231278,0.7808074547026892,-1423.275000000000091,-1272.6069999999999709,-1399.6165518084468551,-43709.475201380686485,-43395.046789691055892,-43660.102485953974558
0.03185002,0.8690015,1.3166689393939393,0.2613226502018911,0.04867734979810887,0.31,2e-09,0.66,0.00675896128231278,0.7808074547026892,-1885.1259999999999764,-1685.8759999999999764,-1853.8390259765379371,-57891.295823960972484,-57476.328261296614073,-57826.136078145866403
0.03185913,0.060982,0.0923969696969697,0.2613226502018911,0.04867734979810887,0.31,2e-09,0.66,0.00675896128231278,0.7808074547026892,-452.99750000000000227,-398.45580000000001064,-444.43315996940799026,-13875.746728137124592,-13743.500808853890703,-13854.980983387696299
0.0318596,0.2086051,0.3160683333333333,0.2613226502018911,0.04867734979810887,0.31,2e-09,0.66,0.00675896128231278,0.7808074547026892,-1032.7840000000001055,-924.2444000000000415,-1015.74070943178448473,-31708.708350158303801,-31484.508251670587924,-31673.50361912973217
0.03186036,0.7072705,1.0716219696969698,0.2613226502018911,0.04867734979810887,0.31,2e-09,0.66,0.00675896128231278,0.7808074547026892,-1755.65300000000002,-1570.1040000000000418,-1726.5174078139053789,-53897.952798540121876,-53511.615585537576408,-53837.288696419627335
0.03186713,0.4628139,0.7012331818181818,0.2613226502018911,0.04867734979810887,0.31,2e-09,0.66,0.00675896128231278,0.7808074547026892,-1494.0920000000000982,-1336.0889999999999418,-1469.2817829027399855,-45857.861309092433657,-45528.640634618328477,-45806.165857698411465
0.03186869,0.6060207,0.9182131818181817,0.2613226502018911,0.04867734979810887,0.31,2e-09,0.66,0.00675896128231278,0.7808074547026892,-1659.6820000000000164,-1484.2829999999999018,-1632.1401984605208606,-50938.471209869429003,-50573.28567011166888,-50881.128421933944416
0.03187621,0.5417841,0.820885,0.2613226502018911,0.04867734979810887,0.31,2e-09,0.66,0.00675896128231278,0.7808074547026892,-1590.8420000000000982,-1422.7280000000000655,-1564.4441161807765185,-48814.19300388845295,-48464.23787673527113,-48759.241751830138295
0.03188348,0.4969157,0.7529025757575758,0.2613226502018911,0.04867734979810887,0.31,2e-09,0.66,0.00675896128231278,0.7808074547026892,-1538.1549999999999727,-1375.6169999999999618,-1512.6326803823062549,-47186.819214213748637,-46848.497748592060816,-47133.694722838664607
0.03188377,0.05882868,0.08913436363636364,0.2613226502018911,0.04867734979810887,0.31,2e-09,0.66,0.00675896128231278,0.7808074547026892,-443.65679999999997563,-394.9608000000000061,-436.01037346526217753,-13599.550993465443753,-13485.374275960573868,-13581.6225417983966315
0.03192167,0.4352852,0.6595230303030303,0.2613226502018911,0.04867734979810887,0.31,2e-09,0.66,0.00675896128231278,0.7808074547026892,-1459.5319999999999254,-1305.4780000000000655,-1435.3418695296841582,-44722.4042778854855,-44402.300428376918717,-44672.140384162095074
0.03194728,0.3172597,0.48069651515151507,0.2613226502018911,0.04867734979810887,0.31,2e-09,0.66,0.00675896128231278,0.7808074547026892,-1272.8759999999999764,-1138.4980000000000473,-1251.7754680284828889,-38971.798297094748705,-38692.233737831236795,-38927.90003308692738
0.03200047,0.3919979,0.5939362121212121,0.2613226502018911,0.04867734979810887,0.31,2e-09,0.66,0.00675896128231278,0.7808074547026892,-1400.053000000000111,-1252.6620000000000346,-1376.9091185029256023,-42796.479313089883362,-42491.393695557897445,-42748.573637854474494
0.03201009,0.06542359,0.09912665151515151,0.2613226502018911,0.04867734979810887,0.31,2e-09,0.66,0.00675896128231278,0.7808074547026892,-475.07260000000002265,-410.73550000000000182,-464.97014993001317987,-14452.622748657262491,-14294.689036244566523,-14427.8234113539491
0.03204168,0.3580832,0.5425503030303029,0.2613226502018911,0.04867734979810887,0.31,2e-09,0.66,0.00675896128231278,0.7808074547026892,-1347.8810000000000855,-1206.1440000000000055,-1325.624930553759475,-41149.709583130694227,-40856.706142808208824,-41103.701096173831655
0.03208125,0.3433986,0.5203009090909091,0.2613226502018911,0.04867734979810887,0.31,2e-09,0.66,0.00675896128231278,0.7808074547026892,-1324.6639999999999873,-1185.5830000000000837,-1302.8249855249328808,-40392.26933555400319,-40105.57784312905278,-40347.251974067190563
0.03210484,0.07498406,0.11361221212121213,0.2613226502018911,0.04867734979810887,0.31,2e-09,0.66,0.00675896128231278,0.7808074547026892,-531.49720000000002074,-466.327699999999993,-521.2640433946197995,-16150.131485381682069,-16007.988846964444747,-16127.811721086641677
0.0322343,0.1,0.15151515151515152,0.2613226502018911,0.04867734979810887,0.31,2e-09,0.66,0.00675896128231278,0.7808074547026892,-670.88409999999998945,-599.4913999999999987,-659.6737534486081803,-20354.982335137523478,-20199.62868288766549,-20330.588128450489275
0.03257375,0.03159245,0.047867348484848485,0.2613226502018911,0.04867734979810887,0.31,2e-09,0.66,0.00675896128231278,0.7808074547026892,-244.28100000000000591,-210.90409999999999968,-239.04003536620482713,-7294.1006570881545485,-7216.789894138089039,-7281.9610343420929204
0.03259705,0.02175337,0.03295965151515152,0.2613226502018911,0.04867734979810887,0.31,2e-09,0.66,0.00675896128231278,0.7808074547026892,-166.06419999999999959,-146.44759999999999422,-162.98392870951746336,-4962.501716523070172,-4909.4264470721745965,-4954.16764085632712
0.03261598,0.06772208,0.10260921212121213,0.2613226502018911,0.04867734979810887,0.31,2e-09,0.66,0.00675896128231278,0.7808074547026892,-495.32229999999998427,-427.94950000000000045,-484.74317305652243912,-14788.95034044951899,-14629.82876838998709,-14763.964481018656903
0.03268622,0.09153952,0.13869624242424242,0.2613226502018911,0.04867734979810887,0.31,2e-09,0.66,0.00675896128231278,0.7808074547026892,-650.47519999999997253,-597.9315000000000282,-642.22459334004221765,-19534.55303517334687,-19444.439914275939373,-19520.403138698111196
0.0327155,0.3054735,0.46283863636363637,0.2613226502018911,0.04867734979810887,0.31,2e-09,0.66,0.00675896128231278,0.7808074547026892,-1280.8179999999999836,-1149.3389999999999418,-1260.1726797609497088,-38315.525753633315617,-38053.17117222629895,-38274.32986418077796
0.03279457,0.07249792,0.10984533333333332,0.2613226502018911,0.04867734979810887,0.31,2e-09,0.66,0.00675896128231278,0.7808074547026892,-525.90039999999999054,-458.10410000000001673,-515.25477351574986723,-15632.251242676946276,-15482.29832177517892,-15608.705078857643237
0.0328253,0.09460997,0.1433484393939394,0.2613226502018911,0.04867734979810887,0.31,2e-09,0.66,0.00675896128231278,0.7808074547026892,-665.99270000000001346,-608.0227999999999611,-656.89005129012450396,-19899.245150349230244,-19791.148422682199453,-19882.271401237360609
0.03285098,0.1499702,0.22722757575757574,0.2613226502018911,0.04867734979810887,0.31,2e-09,0.66,0.00675896128231278,0.7808074547026892,-876.65049999999996544,-776.49869999999998527,-860.9242928983539735,-26073.719067726644425,-25859.956839093374583,-26040.153329736948065
0.03294303,0.2385782,0.3614821212121212,0.2613226502018911,0.04867734979810887,0.31,2e-09,0.66,0.00675896128231278,0.7808074547026892,-1141.0760000000000218,-1020.89999999999997726,-1122.205518744072416,-33887.74012263593613,-33645.81696935807122,-33849.75245180894225
0.03300426,0.2554781,0.38708803030303024,0.2613226502018911,0.04867734979810887,0.31,2e-09,0.66,0.00675896128231278,0.7808074547026892,-1186.3330000000000837,-1065.9980000000000473,-1167.437551974337317,-35186.37006667724927,-34950.506614146339416,-35149.3339125371301
0.03301719,0.1952119,0.29577560606060604,0.2613226502018911,0.04867734979810887,0.31,2e-09,0.66,0.00675896128231278,0.7808074547026892,-1026.9500000000000455,-915.6794999999999618,-1009.47789338480488813,-30416.774160504195606,-30189.487207248548657,-30381.084720090737104
0.03302171,0.16553,0.2508030303030303,0.2613226502018911,0.04867734979810887,0.31,2e-09,0.66,0.00675896128231278,0.7808074547026892,-942.1475000000000364,-847.48479999999995016,-927.2832117395695054,-27931.967869924603292,-27750.059513081519981,-27903.403945030247423
0.03303992,0.04220097,0.06394086363636363,0.2613226502018911,0.04867734979810887,0.31,2e-09,0.66,0.00675896128231278,0.7808074547026892,-342.34309999999999263,-314.2592000000000212,-337.93326185808026518,-10163.48942913875544,-10119.751315722582149,-10156.621508344340762
0.03306269,0.09778017,0.14815177272727273,0.2613226502018911,0.04867734979810887,0.31,2e-09,0.66,0.00675896128231278,0.7808074547026892,-681.3351999999999862,-615.68430000000000746,-671.0264521810945702,-20186.088161457224487,-20054.539033752880641,-20165.431829505931903
0.03316048,0.06317854,0.0957250606060606,0.2613226502018911,0.04867734979810887,0.31,2e-09,0.66,0.00675896128231278,0.7808074547026892,-481.10219999999998208,-420.9911000000000172,-471.66333212435768996,-14152.667846758584346,-14013.632478749836082,-14130.8359975880328365
0.03324461,0.2156751,0.32678045454545457,0.2613226502018911,0.04867734979810887,0.31,2e-09,0.66,0.00675896128231278,0.7808074547026892,-1098.9519999999999982,-990.98050000000000637,-1081.9979146008821446,-32375.041153593312629,-32168.865222294629348,-32342.666644148870374
0.03324816,0.1888623,0.286155,0.2613226502018911,0.04867734979810887,0.31,2e-09,0.66,0.00675896128231278,0.7808074547026892,-1018.55600000000004,-911.6047999999999547,-1001.7621258912015658,-29974.382171283272328,-29759.314986120658432,-29940.61152417922236
0.0333104,0.07754136,0.11748690909090909,0.2613226502018911,0.04867734979810887,0.31,2e-09,0.66,0.00675896128231278,0.7808074547026892,-569.6466000000000349,-508.15890000000001692,-559.99157328651231985,-16721.731671703626489,-16602.872237016410509,-16703.067922416284738
0.0333734,0.08856474,0.134189,0.2613226502018911,0.04867734979810887,0.31,2e-09,0.66,0.00675896128231278,0.7808074547026892,-648.28510000000005675,-598.216199999999958,-640.4230956151402127,-19079.602539097431873,-19001.35718542110044,-19067.316163449109949
0.03349136,0.08288603,0.12558489393939393,0.2613226502018911,0.04867734979810887,0.31,2e-09,0.66,0.00675896128231278,0.7808074547026892,-612.8805999999999585,-559.8365999999999758,-604.5514343784164135,-17949.541128191009193,-17862.553560610540444,-17935.882017690359904
0.03358072,0.1010542,0.15311242424242422,0.2613226502018911,0.04867734979810887,0.31,2e-09,0.66,0.00675896128231278,0.7808074547026892,-701.2382000000000062,-626.88769999999999527,-689.5634087220506227,-20429.231359684930794,-20274.864219680443057,-20404.992058809666009
0.03372179,0.1358772,0.20587454545454545,0.2613226502018911,0.04867734979810887,0.31,2e-09,0.66,0.00675896128231278,0.7808074547026892,-864.17600000000004457,-787.05110000000001946,-852.0655621437284762,-25132.246413356569974,-24993.071428203584219,-25110.392640984186157
0.03372845,0.2645034,0.40076272727272727,0.2613226502018911,0.04867734979810887,0.31,2e-09,0.66,0.00675896128231278,0.7808074547026892,-1233.2260000000001128,-1110.9990000000000236,-1214.0334631168598445,-35808.36936394716031,-35576.377779233698675,-35771.94118485259433
0.03377622,0.05256614,0.07964566666666666,0.2613226502018911,0.04867734979810887,0.31,2e-09,0.66,0.00675896128231278,0.7808074547026892,-434.3883000000000152,-401.146000000000015,-429.16847075743974543,-12631.978060316379924,-12574.009775816144611,-12622.875665278268822
0.03402239,0.03756686,0.056919484848484844,0.2613226502018911,0.04867734979810887,0.31,2e-09,0.66,0.00675896128231278,0.7808074547026892,-308.53570000000001983,-276.69209999999998217,-303.53549981925463933,-8868.306183581606092,-8810.982030900571772,-8859.304932510847804
0.03405295,0.1152703,0.1746519696969697,0.2613226502018911,0.04867734979810887,0.31,2e-09,0.66,0.00675896128231278,0.7808074547026892,-766.3442999999999756,-678.66390000000001237,-752.5763983831028164,-21991.210478258450166,-21815.362579240314517,-21963.598188930163921
0.03003013,0.2179625,0.32531716417910445,0.2613226502018911,0.04867734979810887,0.31,2e-09,0.67,0.006765510526724732,0.7940851574420315,-1012.0869999999999891,-903.5465000000000373,-995.0435681104462638,-32950.319507119784248,-32708.130508130769158,-32912.290092213191585
0.03004353,0.01393573,0.020799597014925373,0.2613226502018911,0.04867734979810887,0.31,2e-09,0.67,0.006765510526724732,0.7940851574420315,-87.765399999999999636,-82.50915000000000532,-86.94004412943125347,-2855.4366178824966482,-2837.997750234983414,-2852.6983022032674937
0.03005786,0.01754397,0.026185029850746267,0.2613226502018911,0.04867734979810887,0.31,2e-09,0.67,0.006765510526724732,0.7940851574420315,-118.706800000000001205,-107.980500000000006366,-117.022516589872719206,-3854.1195994915469782,-3819.709015713575809,-3848.7163219969742964
0.03006159,0.07326748,0.10935444776119402,0.2613226502018911,0.04867734979810887,0.31,2e-09,0.67,0.006765510526724732,0.7940851574420315,-489.141399999999976,-421.34789999999998145,-478.49621318213512508,-15833.7535250588771305,-15662.253079239697399,-15806.823888956708999
0.03006631,0.01106954,0.016521701492537313,0.2613226502018911,0.04867734979810887,0.31,2e-09,0.67,0.006765510526724732,0.7940851574420315,-62.963920000000001664,-60.56378000000000128,-62.58704111501795534,-2044.240310601716601,-2036.0579408696394239,-2042.955484557762281
0.03013913,0.005547914,0.008280468656716418,0.2613226502018911,0.04867734979810887,0.31,2e-09,0.67,0.006765510526724732,0.7940851574420315,-20.739419999999999078,-20.554330000000000211,-20.710356481696346343,-651.11008152051135767,-650.42515679269411066,-651.0025320993457612
0.03021632,0.0352806,0.052657611940298506,0.2613226502018911,0.04867734979810887,0.31,2e-09,0.67,0.006765510526724732,0.7940851574420315,-255.03870000000000573,-221.85699999999999932,-249.82838639420673216,-8215.717177999678825,-8136.7906263416662114,-8203.3238381176922775
0.03024515,0.008792851,0.013123658208955225,0.2613226502018911,0.04867734979810887,0.31,2e-09,0.67,0.006765510526724732,0.7940851574420315,-44.327530000000002985,-43.279000000000003467,-44.162885930374803003,-1423.7634415383399755,-1420.1240596439783985,-1423.191972294724597
0.03028535,0.1164917,0.17386820895522387,0.2613226502018911,0.04867734979810887,0.31,2e-09,0.67,0.006765510526724732,0.7940851574420315,-693.44290000000000873,-605.5643000000000029,-679.64387628397386326,-22323.454005109037098,-22112.251349025391391,-22290.290180694606054
0.0303109,0.00698441,0.010424492537313432,0.2613226502018911,0.04867734979810887,0.31,2e-09,0.67,0.006765510526724732,0.7940851574420315,-30.582909999999998263,-30.137989999999998503,-30.513047011380078183,-970.76750780917541306,-969.1842524189071355,-970.5188991754597922
0.03033805,0.1373169,0.20495059701492535,0.2613226502018911,0.04867734979810887,0.31,2e-09,0.67,0.006765510526724732,0.7940851574420315,-791.19230000000004566,-713.86800000000005184,-779.0505516161486712,-25532.853289906186546,-25368.675396193386405,-25507.073468095298269
0.03041054,0.04482299,0.06689998507462686,0.2613226502018911,0.04867734979810887,0.31,2e-09,0.67,0.006765510526724732,0.7940851574420315,-336.3879000000000019,-309.26080000000001746,-332.12830214287650044,-10848.906433104710231,-10803.599898818076326,-10841.792233047901369
0.03063919,0.2494698,0.3723429850746268,0.2613226502018911,0.04867734979810887,0.31,2e-09,0.67,0.006765510526724732,0.7940851574420315,-1101.4100000000000819,-979.55709999999999127,-1082.2762056864065076,-35133.514646323747,-34862.106301469510072,-35090.897101354080267
0.03079477,0.05731865,0.085550223880597,0.2613226502018911,0.04867734979810887,0.31,2e-09,0.67,0.006765510526724732,0.7940851574420315,-423.6016999999999939,-380.6408999999999878,-416.85583584126901077,-13458.950559219174465,-13357.934408784238258,-13443.088628606335741
0.03086771,0.1618676,0.24159343283582088,0.2613226502018911,0.04867734979810887,0.31,2e-09,0.67,0.006765510526724732,0.7940851574420315,-873.54909999999995307,-773.47919999999999163,-857.8357531401232066,-27643.271414977774839,-27420.017959728851565,-27608.215329381681416
0.03087976,0.1285738,0.19190119402985073,0.2613226502018911,0.04867734979810887,0.31,2e-09,0.67,0.006765510526724732,0.7940851574420315,-771.29930000000001655,-697.94060000000001764,-759.78024483666277344,-24465.567214972434158,-24321.453982843657286,-24442.938020743825815
0.03090544,0.05106253,0.07621273134328357,0.2613226502018911,0.04867734979810887,0.31,2e-09,0.67,0.006765510526724732,0.7940851574420315,-389.00279999999997926,-359.01470000000000482,-384.2939573113526388,-12355.946421481310608,-12301.306379189481959,-12347.366639379300327
0.03101367,0.2869307,0.42825477611940294,0.2613226502018911,0.04867734979810887,0.31,2e-09,0.67,0.006765510526724732,0.7940851574420315,-1194.2490000000000236,-1063.9210000000000491,-1173.7844140500388728,-37646.268556382368843,-37361.093256362677494,-37601.489273050627123
0.03105155,0.04692541,0.07003792537313433,0.2613226502018911,0.04867734979810887,0.31,2e-09,0.67,0.006765510526724732,0.7940851574420315,-360.41849999999999454,-333.44819999999998572,-356.1835234604517892,-11396.208579133181047,-11353.1831068651190435,-11389.452559895046846
0.03111446,0.08102417,0.12093159701492538,0.2613226502018911,0.04867734979810887,0.31,2e-09,0.67,0.006765510526724732,0.7940851574420315,-558.300200000000018,-500.8294999999999959,-549.2759375256703784,-17553.531210996701702,-17438.920636737388122,-17535.534633532883865
0.03115242,0.1203874,0.17968268656716418,0.2613226502018911,0.04867734979810887,0.31,2e-09,0.67,0.006765510526724732,0.7940851574420315,-733.56550000000004275,-650.3170000000000073,-720.49351175913590245,-23005.143505373929656,-22824.518135240119591,-22976.781039811293482
0.03118004,0.2039279,0.30437,0.2613226502018911,0.04867734979810887,0.31,2e-09,0.67,0.006765510526724732,0.7940851574420315,-1006.51300000000003365,-894.22630000000003747,-988.88132589169250997,-31548.369158153269382,-31302.243624690330762,-31509.721614002874453
0.03121194,0.08658984,0.12923856716417909,0.2613226502018911,0.04867734979810887,0.31,2e-09,0.67,0.006765510526724732,0.7940851574420315,-597.8001000000000431,-546.9478000000000293,-589.8150832414891239,-18785.837831630702567,-18697.46655774761166,-18771.961446434213249
0.03125442,0.2253806,0.33638895522388057,0.2613226502018911,0.04867734979810887,0.31,2e-09,0.67,0.006765510526724732,0.7940851574420315,-1070.5519999999999072,-958.74109999999996035,-1052.995037772447033,-33510.52718001221365,-33272.966248806580552,-33473.224481474597447
0.03131918,0.05521242,0.08240659701492536,0.2613226502018911,0.04867734979810887,0.31,2e-09,0.67,0.006765510526724732,0.7940851574420315,-419.61320000000000618,-381.866800000000012,-413.68612026961502168,-13131.1518227356318675,-13050.563663397977507,-13118.497571052841739
0.03133059,0.1846651,0.27561955223880596,0.2613226502018911,0.04867734979810887,0.31,2e-09,0.67,0.006765510526724732,0.7940851574420315,-964.65819999999996526,-864.2296999999999798,-948.8885444380664288,-30124.523063573979016,-29910.089349847778067,-30090.85188650443489
0.031392,0.1055426,0.1575262686567164,0.2613226502018911,0.04867734979810887,0.31,2e-09,0.67,0.006765510526724732,0.7940851574420315,-675.24749999999994543,-592.8342999999999847,-662.30667366328537027,-20990.871683685651078,-20794.950549521625362,-20960.107420522603006
0.03139812,0.04899899,0.07313282089552238,0.2613226502018911,0.04867734979810887,0.31,2e-09,0.67,0.006765510526724732,0.7940851574420315,-380.380299999999977,-352.48289999999997235,-375.9997467798136202,-11899.1540331996930036,-11853.484735455846021,-11891.9828706793332005
0.03156943,0.02743323,0.04094511940298507,0.2613226502018911,0.04867734979810887,0.31,2e-09,0.67,0.006765510526724732,0.7940851574420315,-203.88730000000001041,-174.72569999999998913,-199.30823740686279434,-6273.3476908291740983,-6196.2186728673905236,-6261.2366063552697204
0.03160872,0.04041081,0.060314641791044774,0.2613226502018911,0.04867734979810887,0.31,2e-09,0.67,0.006765510526724732,0.7940851574420315,-310.9649000000000001,-281.02249999999997954,-306.26323329485515307,-9628.052118154853815,-9573.194421488253283,-9619.438159155632305
0.03162077,0.1728837,0.25803537313432834,0.2613226502018911,0.04867734979810887,0.31,2e-09,0.67,0.006765510526724732,0.7940851574420315,-940.0164999999999509,-847.2705999999999449,-925.4531947850307717,-29108.970655930046632,-28923.756293912192632,-29079.887609841086269
0.03163329,0.07082295,0.10570589552238804,0.2613226502018911,0.04867734979810887,0.31,2e-09,0.67,0.006765510526724732,0.7940851574420315,-499.47710000000000719,-430.75940000000002783,-488.68679187025318306,-15372.522222070867429,-15206.487951795474146,-15346.450905126772146
0.03174135,0.1566282,0.2337734328358209,0.2613226502018911,0.04867734979810887,0.31,2e-09,0.67,0.006765510526724732,0.7940851574420315,-877.167699999999968,-774.2725000000000364,-861.01071405501162276,-26988.268790943533531,-26760.16121533119076,-26952.450493363918177
0.03175338,0.3333958,0.49760567164179104,0.2613226502018911,0.04867734979810887,0.31,2e-09,0.67,0.006765510526724732,0.7940851574420315,-1311.4100000000000819,-1172.2929999999998927,-1289.5653326714079897,-40399.7505534554075,-40107.728002059753635,-40353.896089315974685
0.03176735,0.1786748,0.26667880597014926,0.2613226502018911,0.04867734979810887,0.31,2e-09,0.67,0.006765510526724732,0.7940851574420315,-963.1695999999999458,-868.7116999999999507,-948.3374701951779848,-29692.26588194519718,-29502.673657497500244,-29662.495407659898014
0.03181151,0.2330898,0.347895223880597,0.2613226502018911,0.04867734979810887,0.31,2e-09,0.67,0.006765510526724732,0.7940851574420315,-1105.1880000000001019,-987.77499999999997726,-1086.7513752521117595,-33984.09846289754205,-33736.154114332661266,-33945.165321653805854
0.03182373,0.1244133,0.18569149253731343,0.2613226502018911,0.04867734979810887,0.31,2e-09,0.67,0.006765510526724732,0.7940851574420315,-771.97059999999999036,-694.35429999999996653,-759.7830006931129745,-23746.072603777454788,-23593.610174990939413,-23722.132387722257281
0.03188602,0.1090735,0.16279626865671643,0.2613226502018911,0.04867734979810887,0.31,2e-09,0.67,0.006765510526724732,0.7940851574420315,-696.8286000000000513,-608.73440000000005057,-682.9957219723078668,-21314.680401407433237,-21108.649580164707004,-21282.32867768219349
0.03200908,0.1466546,0.21888746268656714,0.2613226502018911,0.04867734979810887,0.31,2e-09,0.67,0.006765510526724732,0.7940851574420315,-856.1914000000000442,-761.7059000000000424,-841.3549363408089674,-26150.31629855223946,-25944.486059610484517,-26117.996071003863898
0.03204287,0.3782265,0.5645171641791045,0.2613226502018911,0.04867734979810887,0.31,2e-09,0.67,0.006765510526724732,0.7940851574420315,-1400.0760000000000218,-1253.2029999999999745,-1377.0134567842010673,-42751.351245404119254,-42447.96626935142558,-42703.712611201508928
0.0320601,0.2975266,0.4440695522388059,0.2613226502018911,0.04867734979810887,0.31,2e-09,0.67,0.006765510526724732,0.7940851574420315,-1255.8409999999998945,-1124.1240000000000236,-1235.1583081182014228,-38326.380960979833617,-38054.709441985447484,-38283.722091430561377
0.03207143,0.1328734,0.19831850746268656,0.2613226502018911,0.04867734979810887,0.31,2e-09,0.67,0.006765510526724732,0.7940851574420315,-820.06510000000002947,-746.8392000000000053,-808.5668975852214529,-25073.219279656230356,-24937.599349067812,-25051.923735137363463
0.03215757,0.1419089,0.21180432835820895,0.2613226502018911,0.04867734979810887,0.31,2e-09,0.67,0.006765510526724732,0.7940851574420315,-849.49289999999996326,-763.891399999999976,-836.05143497179727385,-25861.70712837056999,-25684.503284645274107,-25833.881923575130616
0.0321644,1.108132,1.653928358208955,0.2613226502018911,0.04867734979810887,0.31,2e-09,0.67,0.006765510526724732,0.7940851574420315,-2097.4520000000002256,-1878.8279999999999745,-2063.1228486378653544,-63811.648553313185403,-63363.991328529227758,-63741.355755505246748
0.03216875,0.4166442,0.6218570149253732,0.2613226502018911,0.04867734979810887,0.31,2e-09,0.67,0.006765510526724732,0.7940851574420315,-1465.3109999999999218,-1312.3379999999999654,-1441.2906121591414154,-44572.516423591550847,-44258.731366729676665,-44523.2447301261092
0.03217014,0.2768803,0.41325417910447765,0.2613226502018911,0.04867734979810887,0.31,2e-09,0.67,0.006765510526724732,0.7940851574420315,-1217.8450000000000273,-1090.446999999999889,-1197.8404935174854911,-37042.09534280173102,-36779.523000872512057,-37000.86525978431976
0.03217484,0.8817834,1.3160946268656715,0.2613226502018911,0.04867734979810887,0.31,2e-09,0.67,0.006765510526724732,0.7940851574420315,-1946.5979999999999563,-1743.7200000000000273,-1914.7413439601910242,-59203.124761060353194,-58787.914429579032003,-59137.926894785173538
0.03218483,0.7170356,1.0702023880597014,0.2613226502018911,0.04867734979810887,0.31,2e-09,0.67,0.006765510526724732,0.7940851574420315,-1811.7439999999999145,-1622.9359999999999218,-1782.0966675461890197,-55084.77358940288832,-54698.430137398863735,-55024.108507611242924
0.03218847,0.4680432,0.6985719402985074,0.2613226502018911,0.04867734979810887,0.31,2e-09,0.67,0.006765510526724732,0.7940851574420315,-1538.8710000000000946,-1378.3859999999999673,-1513.6710500569370602,-46782.391765548090916,-46453.717269481057883,-46730.78207711333682
0.03219286,0.6137135,0.9159902985074627,0.2613226502018911,0.04867734979810887,0.31,2e-09,0.67,0.006765510526724732,0.7940851574420315,-1711.4839999999999236,-1533.1310000000000855,-1683.478350424057538,-52023.58402161343838,-51658.64264171425748,-51966.279572564544107
0.03219684,0.05945623,0.08874064179104477,0.2613226502018911,0.04867734979810887,0.31,2e-09,0.67,0.006765510526724732,0.7940851574420315,-452.96050000000002456,-404.07049999999998136,-445.28361086571113964,-13756.6769806232387054,-13644.227884142312178,-13739.019806417162773
0.03219985,0.06163172,0.09198764179104477,0.2613226502018911,0.04867734979810887,0.31,2e-09,0.67,0.006765510526724732,0.7940851574420315,-463.023399999999981,-408.28359999999997854,-454.42795357264988476,-14040.640876297602517,-13910.607164579070741,-14020.222500585120158
0.03220032,0.5482742,0.8183197014925373,0.2613226502018911,0.04867734979810887,0.31,2e-09,0.67,0.006765510526724732,0.7940851574420315,-1639.6620000000000346,-1468.8019999999999072,-1612.8329290757906077,-49828.9248706674407,-49479.359566804203496,-49774.0348301079742
0.03220679,0.5026593,0.7502377611940299,0.2613226502018911,0.04867734979810887,0.31,2e-09,0.67,0.006765510526724732,0.7940851574420315,-1584.7760000000000673,-1419.6410000000000764,-1558.8458898099654181,-48151.28069678653992,-47813.472527856843953,-48098.236805161860456
0.03221677,0.07577969,0.11310401492537313,0.2613226502018911,0.04867734979810887,0.31,2e-09,0.67,0.006765510526724732,0.7940851574420315,-539.92029999999999745,-474.21319999999997208,-529.60272744864731365,-16354.625585456486078,-16212.236717315359783,-16332.267157256929263
0.03224621,0.4401291,0.6569091044776119,0.2613226502018911,0.04867734979810887,0.31,2e-09,0.67,0.006765510526724732,0.7940851574420315,-1503.0740000000000691,-1346.6400000000001,-1478.5101531022020265,-45614.24684852360224,-45294.772995752580755,-45564.081879224617655
0.03229252,0.3206585,0.478594776119403,0.2613226502018911,0.04867734979810887,0.31,2e-09,0.67,0.006765510526724732,0.7940851574420315,-1310.3230000000000928,-1174.0209999999999582,-1288.9203544123166432,-39708.385964321278152,-39430.002106232081132,-39664.67309839109568
0.03232744,0.06611931,0.09868553731343283,0.2613226502018911,0.04867734979810887,0.31,2e-09,0.67,0.006765510526724732,0.7940851574420315,-485.44499999999999318,-420.85050000000001091,-475.3021320273098228,-14631.687284132185596,-14476.073301076117787,-14607.25219933638744
0.03232843,0.3962798,0.5914623880597015,0.2613226502018911,0.04867734979810887,0.31,2e-09,0.67,0.006765510526724732,0.7940851574420315,-1441.4210000000000491,-1291.8099999999999454,-1417.9285258688874632,-43634.29338441471191,-43330.005861369638296,-43586.51302893578983
0.03237987,0.3619537,0.5402294029850746,0.2613226502018911,0.04867734979810887,0.31,2e-09,0.67,0.006765510526724732,0.7940851574420315,-1387.7260000000001128,-1243.9010000000000673,-1365.1420650493128879,-41943.38925895925786,-41651.392706535785692,-41897.53887727486962
0.03240118,0.3470969,0.5180550746268656,0.2613226502018911,0.04867734979810887,0.31,2e-09,0.67,0.006765510526724732,0.7940851574420315,-1362.8550000000000182,-1221.7380000000000564,-1340.696285253355643,-41165.30063994313241,-40879.367387191632588,-41120.402340062176936
0.03245773,0.210817,0.31465223880597015,0.2613226502018911,0.04867734979810887,0.31,2e-09,0.67,0.006765510526724732,0.7940851574420315,-1069.7200000000000273,-959.63400000000001455,-1052.433887968146362,-32257.411392927930137,-32036.802979597647209,-32222.770641624432738
0.03251833,0.02207573,0.03294885074626865,0.2613226502018911,0.04867734979810887,0.31,2e-09,0.67,0.006765510526724732,0.7940851574420315,-167.1974999999999909,-147.54640000000000555,-164.11181139155605531,-5009.669232616217414,-4956.530986767327704,-5001.3252681618802087
0.03268525,0.03198537,0.04773935820895522,0.2613226502018911,0.04867734979810887,0.31,2e-09,0.67,0.006765510526724732,0.7940851574420315,-247.40139999999999532,-214.03800000000001091,-242.1625551862766729,-7365.4324359150641612,-7288.8451489925373608,-7353.4064160582379777
0.03270287,0.1127218,0.1682414925373134,0.2613226502018911,0.04867734979810887,0.31,2e-09,0.67,0.006765510526724732,0.7940851574420315,-728.91030000000000655,-638.65660000000002583,-714.7383292726658356,-21750.149303431368025,-21550.643782554077916,-21718.82220657202025
0.03273208,0.09250962,0.13807405970149253,0.2613226502018911,0.04867734979810887,0.31,2e-09,0.67,0.006765510526724732,0.7940851574420315,-660.08209999999996853,-607.0045000000000073,-651.7476583817931448,-19800.186914372246974,-19709.45628452480014,-19785.940054351319516
0.03287069,0.09561254,0.14270528358208953,0.2613226502018911,0.04867734979810887,0.31,2e-09,0.67,0.006765510526724732,0.7940851574420315,-676.0401000000000522,-617.58770000000004075,-666.86168735051942735,-20177.147413148959458,-20068.68814748166551,-20160.116736975625908
0.03292027,0.06844173,0.10215183582089553,0.2613226502018911,0.04867734979810887,0.31,2e-09,0.67,0.006765510526724732,0.7940851574420315,-505.9322999999999979,-438.24200000000001864,-495.30331802890664775,-14974.403857204815722,-14817.297008574634674,-14949.734357119492611
0.03294848,0.1,0.14925373134328357,0.2613226502018911,0.04867734979810887,0.31,2e-09,0.67,0.006765510526724732,0.7940851574420315,-692.12400000000002365,-622.94269999999994525,-681.26089567874864433,-20569.719399872024951,-20427.452014521277306,-20547.380047350796781
0.03306754,0.3087396,0.46080537313432834,0.2613226502018911,0.04867734979810887,0.31,2e-09,0.67,0.006765510526724732,0.7940851574420315,-1318.2960000000000491,-1184.9729999999999563,-1297.3611280415055291,-39035.080150598587352,-38773.934282127636834,-38994.074057734421334
0.03325032,0.04266502,0.0636791343283582,0.2613226502018911,0.04867734979810887,0.31,2e-09,0.67,0.006765510526724732,0.7940851574420315,-347.6302000000000021,-319.29360000000002628,-343.18068196680936355,-10258.191105199561207,-10214.305134047250249,-10251.299967235009047
0.03325395,0.08376479,0.12502207462686568,0.2613226502018911,0.04867734979810887,0.31,2e-09,0.67,0.006765510526724732,0.7940851574420315,-616.30539999999996326,-562.62419999999997344,-607.87617887102494924,-18179.76525776114795,-18090.550332477760094,-18165.756399292659008
0.03327641,0.2411113,0.3598676119402985,0.2613226502018911,0.04867734979810887,0.31,2e-09,0.67,0.006765510526724732,0.7940851574420315,-1172.6910000000000309,-1050.8399999999999181,-1153.5575040314535982,-34493.131044526533515,-34251.96382566272223,-34455.262073325014452
0.03328011,0.09881627,0.14748697014925372,0.2613226502018911,0.04867734979810887,0.31,2e-09,0.67,0.006765510526724732,0.7940851574420315,-695.3527000000000271,-629.2173999999999978,-684.96788989644233153,-20475.012010387796181,-20344.289579074695212,-20454.485489370093052
0.03331159,0.07836385,0.11696097014925372,0.2613226502018911,0.04867734979810887,0.31,2e-09,0.67,0.006765510526724732,0.7940851574420315,-576.75699999999994816,-514.6733000000000402,-567.00838715593265993,-16933.641003126915166,-16813.63117793517813,-16914.79661525572719
0.03340466,0.1972811,0.2944494029850746,0.2613226502018911,0.04867734979810887,0.31,2e-09,0.67,0.006765510526724732,0.7940851574420315,-1056.2980000000000018,-943.5339999999999918,-1038.5913784753742877,-30938.025000081273902,-30712.112168075313093,-30902.551329283093903
0.03343948,0.08950342,0.13358719402985073,0.2613226502018911,0.04867734979810887,0.31,2e-09,0.67,0.006765510526724732,0.7940851574420315,-658.03530000000000655,-607.3709999999999809,-650.07980369878599913,-19332.713934203318786,-19253.697737943384709,-19320.30651799344329
0.03353959,0.06385096,0.09529994029850745,0.2613226502018911,0.04867734979810887,0.31,2e-09,0.67,0.006765510526724732,0.7940851574420315,-492.23610000000002174,-431.90359999999998308,-482.76246707517932594,-14324.868376215410535,-14188.283335248635922,-14303.421286485317589
0.03354437,0.2581939,0.3853640298507462,0.2613226502018911,0.04867734979810887,0.31,2e-09,0.67,0.006765510526724732,0.7940851574420315,-1226.900000000000091,-1104.8710000000000946,-1207.7385538112470168,-35823.806858312695113,-35591.000563355024497,-35787.25075039379893
0.03371537,0.1515591,0.2262076119402985,0.2613226502018911,0.04867734979810887,0.31,2e-09,0.67,0.006765510526724732,0.7940851574420315,-913.52959999999995944,-812.1354000000000042,-897.6083066422598707,-26495.212492679649586,-26287.7453804743418,-26462.635237220222821
0.03375786,0.1908639,0.2848714925373134,0.2613226502018911,0.04867734979810887,0.31,2e-09,0.67,0.006765510526724732,0.7940851574420315,-1051.3070000000000164,-943.042699999999968,-1034.3069380588792981,-30488.166852241218294,-30275.965266853174398,-30454.846172242356102
0.033863,0.1672839,0.24967746268656718,0.2613226502018911,0.04867734979810887,0.31,2e-09,0.67,0.006765510526724732,0.7940851574420315,-981.2219000000000051,-885.2060999999999922,-966.14514295888618917,-28387.80156253801033,-28210.552365058225405,-28359.969236127822262
0.03392289,0.1021249,0.152425223880597,0.2613226502018911,0.04867734979810887,0.31,2e-09,0.67,0.006765510526724732,0.7940851574420315,-718.37229999999999563,-643.4878999999999678,-706.61367376380154276,-20727.572113858448574,-20575.043142520968104,-20703.621449045090506
0.03404645,0.05313002,0.07929853731343284,0.2613226502018911,0.04867734979810887,0.31,2e-09,0.67,0.006765510526724732,0.7940851574420315,-442.29680000000001883,-408.79480000000000928,-437.03619170020565388,-12764.155292140711026,-12706.541220984625397,-12755.108516995685445
0.03412438,0.2673174,0.3989811940298507,0.2613226502018911,0.04867734979810887,0.31,2e-09,0.67,0.006765510526724732,0.7940851574420315,-1269.9819999999999709,-1146.1359999999999673,-1250.5352417319463642,-36465.176242098583316,-36234.829416875749303,-36429.006329239692732
0.03417698,0.03799231,0.056704940298507464,0.2613226502018911,0.04867734979810887,0.31,2e-09,0.67,0.006765510526724732,0.7940851574420315,-312.717899999999986,-280.74579999999997426,-307.69752227264474803,-8950.918492294322277,-8893.798791676681503,-8941.949345044876127
0.03000815,0.005453481,0.008389970769230768,0.2713226502018911,0.04867734979810887,0.32,2e-09,0.65,0.00687186261271929,0.7857362986619192,-20.493040000000000589,-20.307790000000000674,-20.464860377968437804,-645.7979758419173777,-645.1016954290389549,-645.69205995061969466
0.03009379,0.01369852,0.021074646153846154,0.2713226502018911,0.04867734979810887,0.32,2e-09,0.65,0.00687186261271929,0.7857362986619192,-87.06265999999999394,-81.810919999999995866,-86.26378254678523769,-2827.875522414808529,-2810.396727550237756,-2825.2167055033330736
0.03010567,0.01724535,0.02653130769230769,0.2713226502018911,0.04867734979810887,0.32,2e-09,0.65,0.00687186261271929,0.7857362986619192,-117.76659999999999684,-107.05519999999999925,-116.137216985539166524,-3818.0420861426832744,-3783.5798530505203416,-3812.799804345648021
0.03012962,0.08271632,0.1272558769230769,0.2713226502018911,0.04867734979810887,0.32,2e-09,0.65,0.00687186261271929,0.7857362986619192,-556.4618000000000393,-503.6967000000000212,-548.4353461567743928,-18089.617936205802835,-17987.46871622965773,-18074.079332104603814
0.03019692,0.01088112,0.016740184615384613,0.2713226502018911,0.04867734979810887,0.32,2e-09,0.65,0.00687186261271929,0.7857362986619192,-62.63475999999999999,-60.234679999999997335,-62.26966770717672945,-2024.7166619500148954,-2016.5388996648848661,-2023.4726875896426204
0.03020277,0.008643184,0.013297206153846153,0.2713226502018911,0.04867734979810887,0.32,2e-09,0.65,0.00687186261271929,0.7857362986619192,-43.86921000000000248,-42.82063999999999737,-43.709704972881864415,-1410.6898086067487839,-1407.0160266203613446,-1410.1309649478943236
0.03022725,0.2225579,0.3423967692307692,0.2713226502018911,0.04867734979810887,0.32,2e-09,0.65,0.00687186261271929,0.7857362986619192,-1027.8759999999999764,-916.61360000000001946,-1010.951128861946452,-33253.4186623741698,-33002.66961173494201,-33215.275539719453313
0.03026293,0.1269654,0.19533138461538463,0.2713226502018911,0.04867734979810887,0.32,2e-09,0.65,0.00687186261271929,0.7857362986619192,-751.16430000000002565,-678.3875000000000455,-740.09373202879057446,-24309.643132066816179,-24161.335070786048163,-24287.082996514179197
0.03028054,0.04424738,0.06807289230769231,0.2713226502018911,0.04867734979810887,0.32,2e-09,0.65,0.00687186261271929,0.7857362986619192,-333.27179999999998472,-306.43209999999999127,-329.1890329206990182,-10796.478051690510256,-10751.442789590209941,-10789.6274354201789905
0.03029972,0.006865525,0.010562346153846153,0.2713226502018911,0.04867734979810887,0.32,2e-09,0.65,0.00687186261271929,0.7857362986619192,-30.314499999999998892,-29.869240000000001345,-30.246768510090291179,-962.3257630579537363,-960.72735152067843956,-962.0826179406996319
0.03030785,0.03479862,0.05353633846153846,0.2713226502018911,0.04867734979810887,0.32,2e-09,0.65,0.00687186261271929,0.7857362986619192,-254.57329999999998904,-221.52420000000000755,-249.54597937121035062,-8179.8955893220399957,-8101.504618450523594,-8167.9710121028954837
0.03045206,0.1651911,0.25414015384615385,0.2713226502018911,0.04867734979810887,0.32,2e-09,0.65,0.00687186261271929,0.7857362986619192,-878.46069999999997435,-783.95699999999999363,-864.08510730588885346,-28212.71863448750446,-28006.542079013790499,-28181.355733515740948
0.03051187,0.1188814,0.18289446153846153,0.2713226502018911,0.04867734979810887,0.32,2e-09,0.65,0.00687186261271929,0.7857362986619192,-714.846300000000042,-632.6772999999999456,-702.34702138887245626,-22889.029616623261973,-22704.671183930731786,-22860.98561688449484
0.03055087,0.1823546,0.28054553846153846,0.2713226502018911,0.04867734979810887,0.32,2e-09,0.65,0.00687186261271929,0.7857362986619192,-933.8003999999999678,-833.6254999999999882,-918.56212297409185896,-29896.221244208438293,-29672.07994529908683,-29862.12560542339528
0.03055384,0.1150344,0.176976,0.2713226502018911,0.04867734979810887,0.32,2e-09,0.65,0.00687186261271929,0.7857362986619192,-695.65790000000004056,-608.62400000000002365,-682.4185887668949062,-22213.168684254087566,-22007.012242126667843,-22181.808842858554792
0.03058995,0.05659623,0.08707112307692307,0.2713226502018911,0.04867734979810887,0.32,2e-09,0.65,0.00687186261271929,0.7857362986619192,-418.29059999999998354,-375.20490000000000919,-411.73654471813627462,-13379.515840192465475,-13276.22886060964629,-13363.804163833892299
0.03061699,0.2463415,0.37898692307692305,0.2713226502018911,0.04867734979810887,0.32,2e-09,0.65,0.00687186261271929,0.7857362986619192,-1092.3830000000000382,-971.5462999999999738,-1074.0017177676588879,-34882.237059683844564,-34611.918662190939358,-34841.11711221001269
0.03076641,0.1113117,0.17124876923076923,0.2713226502018911,0.04867734979810887,0.32,2e-09,0.65,0.00687186261271929,0.7857362986619192,-682.9539999999999509,-593.77760000000000673,-669.3887786983246776,-21641.725073741541564,-21424.407389276610047,-21608.6674207914944
0.03077862,0.1764394,0.27144523076923077,0.2713226502018911,0.04867734979810887,0.32,2e-09,0.65,0.00687186261271929,0.7857362986619192,-926.5381999999999607,-832.3590000000000373,-912.21196918091849015,-29468.156437236480997,-29267.810119400921394,-29437.680412880088477
0.03078763,0.05041497,0.07756149230769231,0.2713226502018911,0.04867734979810887,0.32,2e-09,0.65,0.00687186261271929,0.7857362986619192,-385.28129999999998745,-355.3842000000000212,-380.7334512667217152,-12285.590364804415003,-12230.322446445679816,-12277.183190446409803
0.0307954,0.2833214,0.4358790769230769,0.2713226502018911,0.04867734979810887,0.32,2e-09,0.65,0.00687186261271929,0.7857362986619192,-1176.7059999999999036,-1047.3940000000000055,-1157.0354829465840476,-37362.672229966017767,-37075.517437209789932,-37318.99118529976819
0.03089846,0.04632602,0.0712708,0.2713226502018911,0.04867734979810887,0.32,2e-09,0.65,0.00687186261271929,0.7857362986619192,-356.75069999999999482,-330.02460000000002083,-352.68521337987735836,-11337.537896246789387,-11294.529183475266109,-11330.99555200945794
0.03096309,0.1707209,0.2626475384615385,0.2713226502018911,0.04867734979810887,0.32,2e-09,0.65,0.00687186261271929,0.7857362986619192,-914.14469999999994343,-821.95289999999999964,-900.1207859465083505,-28904.58382516027632,-28713.072761254858051,-28875.451790635486164
0.03111384,0.0545154,0.08386984615384614,0.2713226502018911,0.04867734979810887,0.32,2e-09,0.65,0.00687186261271929,0.7857362986619192,-414.3813000000000102,-376.56569999999999254,-408.6289150342957123,-13053.211847055175895,-12970.838075464578651,-13040.681419261721765
0.03116087,0.1312113,0.20186353846153846,0.2713226502018911,0.04867734979810887,0.32,2e-09,0.65,0.00687186261271929,0.7857362986619192,-791.45489999999995234,-718.48500000000001364,-780.3549582905217085,-24896.962807775835245,-24754.283761175618565,-24875.258939462646753
0.03121175,0.1401337,0.2155903076923077,0.2713226502018911,0.04867734979810887,0.32,2e-09,0.65,0.00687186261271929,0.7857362986619192,-818.76700000000005275,-733.22260000000005675,-805.7542666185332984,-25671.083107788464986,-25483.979843454515503,-25642.621573268614531
0.03122951,0.04837564,0.07442406153846154,0.2713226502018911,0.04867734979810887,0.32,2e-09,0.65,0.00687186261271929,0.7857362986619192,-376.24630000000001928,-348.52530000000001564,-372.02947245702069418,-11834.349771670780683,-11788.349216657708894,-11827.352318210534652
0.03123299,0.1042223,0.160342,0.2713226502018911,0.04867734979810887,0.32,2e-09,0.65,0.00687186261271929,0.7857362986619192,-667.550899999999956,-585.22850000000005366,-655.02828668431293446,-20860.916819967471383,-20662.66170389459512,-20830.758902360144843
0.03123436,0.2301695,0.35410692307692304,0.2713226502018911,0.04867734979810887,0.32,2e-09,0.65,0.00687186261271929,0.7857362986619192,-1077.0850000000000364,-960.34609999999997854,-1059.3270616551672959,-33728.604420830532035,-33473.679023719487304,-33689.82600605679163
0.03138179,0.14482,0.2228,0.2713226502018911,0.04867734979810887,0.32,2e-09,0.65,0.00687186261271929,0.7857362986619192,-833.7219000000000051,-739.5307999999999993,-819.3938589919729109,-25969.05784615754601,-25756.251561587439937,-25936.686452553623903
0.03144236,0.1598427,0.24591184615384615,0.2713226502018911,0.04867734979810887,0.32,2e-09,0.65,0.00687186261271929,0.7857362986619192,-883.8546999999999798,-784.75149999999996453,-868.7794464609000978,-27480.33427935002328,-27265.315235301997745,-27447.626288036332976
0.031486,0.2081779,0.3202736923076923,0.2713226502018911,0.04867734979810887,0.32,2e-09,0.65,0.00687186261271929,0.7857362986619192,-1030.8759999999999764,-921.88179999999999836,-1014.2961600019841691,-32036.630695866442693,-31806.775837654251518,-32001.665929191472774
0.0314989,0.3291745,0.5064223076923077,0.2713226502018911,0.04867734979810887,0.32,2e-09,0.65,0.00687186261271929,0.7857362986619192,-1290.5070000000000618,-1152.4519999999999982,-1269.5065264800689675,-40082.64076550000027,-39787.95996955777082,-40037.814889928546464
0.03157107,0.2013756,0.30980861538461535,0.2713226502018911,0.04867734979810887,0.32,2e-09,0.65,0.00687186261271929,0.7857362986619192,-1011.81799999999998363,-900.52300000000002456,-994.8881698569357777,-31341.73681977018714,-31102.015345886600699,-31305.271175900343978
0.0315716,0.1,0.15384615384615385,0.2713226502018911,0.04867734979810887,0.32,2e-09,0.65,0.00687186261271929,0.7857362986619192,-662.6530999999999949,-590.1839999999999691,-651.6293383429557866,-20526.59068529067008,-20362.404845427976397,-20501.615274169128135
0.03165978,0.08550617,0.13154795384615386,0.2713226502018911,0.04867734979810887,0.32,2e-09,0.65,0.00687186261271929,0.7857362986619192,-602.61419999999998254,-552.18200000000001637,-594.94261924847436657,-18678.71029486851694,-18592.738523115131102,-18665.63255109850684
0.03167992,0.107709,0.16570615384615384,0.2713226502018911,0.04867734979810887,0.32,2e-09,0.65,0.00687186261271929,0.7857362986619192,-688.28949999999997544,-600.5964000000000169,-674.9499134263107461,-21195.34194338670568,-20987.509301913607487,-21163.727124047795796
0.03170585,0.1228569,0.1890106153846154,0.2713226502018911,0.04867734979810887,0.32,2e-09,0.65,0.00687186261271929,0.7857362986619192,-764.5422999999999547,-687.75300000000004275,-752.8613636973376635,-23611.729401956079528,-23459.762689562601736,-23588.61272440343507
0.03171009,0.2734009,0.42061676923076924,0.2713226502018911,0.04867734979810887,0.32,2e-09,0.65,0.00687186261271929,0.7857362986619192,-1191.1880000000001019,-1064.6020000000000891,-1171.9321531201768675,-36756.604245186761545,-36488.489682867490046,-36715.819537886814853
0.03171374,0.0800098,0.12309200000000001,0.2713226502018911,0.04867734979810887,0.32,2e-09,0.65,0.00687186261271929,0.7857362986619192,-565.9954000000000178,-509.154200000000003,-557.3489032020491476,-17472.77403985879937,-17362.878167056940583,-17456.057040353347316
0.03173974,0.03988256,0.06135778461538461,0.2713226502018911,0.04867734979810887,0.32,2e-09,0.65,0.00687186261271929,0.7857362986619192,-310.78160000000002583,-281.10779999999999745,-306.26771892987774182,-9586.654102218450134,-9532.723551332606803,-9578.45036381133989
0.03175075,0.3733891,0.5744447692307691,0.2713226502018911,0.04867734979810887,0.32,2e-09,0.65,0.00687186261271929,0.7857362986619192,-1375.9290000000000873,-1230.1720000000000255,-1353.7569235171157548,-42405.350561515500885,-42098.592979275235848,-42358.68760484696324
0.03177409,0.02698784,0.04151975384615384,0.2713226502018911,0.04867734979810887,0.32,2e-09,0.65,0.00687186261271929,0.7857362986619192,-203.63859999999999673,-174.49410000000000309,-199.20523430877815944,-6228.523964592845914,-6151.849956285553162,-6216.8605660841046006
0.03180499,0.0699351,0.10759246153846154,0.2713226502018911,0.04867734979810887,0.32,2e-09,0.65,0.00687186261271929,0.7857362986619192,-499.79980000000000473,-431.36649999999997362,-489.38995099394083052,-15308.400809637905695,-15144.062087690084809,-15283.402142595315727
0.03184048,1.089289,1.6758292307692306,0.2713226502018911,0.04867734979810887,0.32,2e-09,0.65,0.00687186261271929,0.7857362986619192,-2054.1729999999997744,-1837.7049999999999272,-2021.2445982621964417,-63136.199257413834857,-62683.905817078710243,-63067.397863643259058
0.0318503,0.4112489,0.6326906153846154,0.2713226502018911,0.04867734979810887,0.32,2e-09,0.65,0.00687186261271929,0.7857362986619192,-1438.6089999999999236,-1286.803000000000111,-1415.5167694892132482,-44201.902405334585637,-43884.204212489974452,-44153.57519888669621
0.03185143,0.8669147,1.3337149230769232,0.2713226502018911,0.04867734979810887,0.32,2e-09,0.65,0.00687186261271929,0.7857362986619192,-1906.7819999999999254,-1705.8720000000000709,-1876.2202301626934068,-58586.14817210999172,-58166.528404063959897,-58522.316990136934713
0.0318627,0.7056276,1.085580923076923,0.2713226502018911,0.04867734979810887,0.32,2e-09,0.65,0.00687186261271929,0.7857362986619192,-1775.5480000000000018,-1588.48700000000008,-1747.0928945919247619,-54534.868749518092955,-54144.277152693204698,-54475.453237684193144
0.03186341,0.2937796,0.4519686153846153,0.2713226502018911,0.04867734979810887,0.32,2e-09,0.65,0.00687186261271929,0.7857362986619192,-1238.4020000000000437,-1107.6730000000000018,-1218.515933557009411,-38034.290031640339294,-37760.901644637262507,-37992.70308743755423
0.0318712,0.6046709,0.930262923076923,0.2713226502018911,0.04867734979810887,0.32,2e-09,0.65,0.00687186261271929,0.7857362986619192,-1678.2739999999998872,-1501.4710000000000036,-1651.3793078863902871,-51533.51347965754394,-51164.42520089179743,-51477.368981995470005
0.03187164,0.4618385,0.7105207692307692,0.2713226502018911,0.04867734979810887,0.32,2e-09,0.65,0.00687186261271929,0.7857362986619192,-1510.5139999999998963,-1351.2940000000000964,-1486.2939761410782832,-46381.13958326687134,-46048.457932401368453,-46330.533142358766984
0.03187452,0.1546688,0.237952,0.2713226502018911,0.04867734979810887,0.32,2e-09,0.65,0.00687186261271929,0.7857362986619192,-875.25869999999997617,-773.3161999999999807,-859.7515414631445649,-26830.70666223517037,-26605.92936067136543,-26796.514276813618514
0.03187786,0.5406106,0.8317086153846155,0.2713226502018911,0.04867734979810887,0.32,2e-09,0.65,0.00687186261271929,0.7857362986619192,-1608.4500000000000455,-1439.0090000000000146,-1582.6751911651831697,-49379.27396379354468,-49025.538480630348204,-49325.464883012487647
0.03188459,0.4958573,0.7628573846153845,0.2713226502018911,0.04867734979810887,0.32,2e-09,0.65,0.00687186261271929,0.7857362986619192,-1555.0209999999999582,-1391.2139999999999418,-1530.1032167550660423,-47728.937963438896986,-47386.962789301200246,-47676.91782227086051
0.03190154,0.3166071,0.4870878461538461,0.2713226502018911,0.04867734979810887,0.32,2e-09,0.65,0.00687186261271929,0.7857362986619192,-1284.1669999999999163,-1148.7950000000000728,-1263.5746556347823749,-39394.269502613853547,-39111.144434881098277,-39351.2014464931011
0.03192372,0.4343742,0.668268,0.2713226502018911,0.04867734979810887,0.32,2e-09,0.65,0.00687186261271929,0.7857362986619192,-1475.3430000000000746,-1320.1099999999999,-1451.7294654962192195,-45228.943978770381364,-44905.45919281681563,-45179.736534769663624
0.03197768,0.05870789,0.09031983076923077,0.2713226502018911,0.04867734979810887,0.32,2e-09,0.65,0.00687186261271929,0.7857362986619192,-447.26729999999997744,-398.22649999999998727,-439.80737445006527003,-13677.501763039628713,-13562.611252784607132,-13660.02499567660669
0.03199777,0.3911844,0.6018221538461538,0.2713226502018911,0.04867734979810887,0.32,2e-09,0.65,0.00687186261271929,0.7857362986619192,-1414.8309999999999036,-1266.3269999999999982,-1392.2410588924424514,-43275.559640374900482,-42967.20580921623332,-43228.65386755959119
0.03201447,0.3573436,0.5497593846153845,0.2713226502018911,0.04867734979810887,0.32,2e-09,0.65,0.00687186261271929,0.7857362986619192,-1360.8910000000000764,-1218.0869999999999891,-1339.1681241857214143,-41604.244247881215415,-41307.742383645403606,-41559.14135737747171
0.03201943,0.06085686,0.09362593846153845,0.2713226502018911,0.04867734979810887,0.32,2e-09,0.65,0.00687186261271929,0.7857362986619192,-457.84190000000000964,-402.9637000000000171,-449.4940083197169239,-13963.301837367067492,-13830.932792516579866,-13943.166292683852385
0.032095,0.3426905,0.5272161538461538,0.2713226502018911,0.04867734979810887,0.32,2e-09,0.65,0.00687186261271929,0.7857362986619192,-1339.0809999999999036,-1198.9829999999999472,-1317.7697520249515211,-40837.1548545435071,-40547.702231841918547,-40793.12427152717557
0.03231063,0.06528944,0.10044529230769231,0.2713226502018911,0.04867734979810887,0.32,2e-09,0.65,0.00687186261271929,0.7857362986619192,-482.69290000000000873,-418.10550000000000637,-472.8680766801550491,-14561.2162383310951554,-14404.814829947321414,-14537.424969378550318
0.03249555,0.2152334,0.33112830769230767,0.2713226502018911,0.04867734979810887,0.32,2e-09,0.65,0.00687186261271929,0.7857362986619192,-1084.8910000000000764,-976.261600000000044,-1068.3666521807541013,-32699.884410659269633,-32484.087474366231618,-32667.058088930217197
0.0325708,0.09441629,0.14525583076923076,0.2713226502018911,0.04867734979810887,0.32,2e-09,0.65,0.00687186261271929,0.7857362986619192,-665.23059999999998126,-606.67070000000001073,-656.3226601986178309,-20036.457185536146426,-19924.97737340227468,-20019.499242377806926
0.03257274,0.2549543,0.39223738461538465,0.2713226502018911,0.04867734979810887,0.32,2e-09,0.65,0.00687186261271929,0.7857362986619192,-1182.8510000000001128,-1061.8130000000001019,-1164.4390966723015918,-35557.938069854382775,-35315.044824934324424,-35520.989946583845803
0.03260747,0.09135212,0.14054172307692306,0.2713226502018911,0.04867734979810887,0.32,2e-09,0.65,0.00687186261271929,0.7857362986619192,-653.10580000000004475,-600.0702999999999747,-645.0382137961949821,-19667.162992935682269,-19574.951533281047887,-19653.136088320046122
0.03263771,0.07483047,0.11512379999999998,0.2713226502018911,0.04867734979810887,0.32,2e-09,0.65,0.00687186261271929,0.7857362986619192,-544.3671000000000504,-479.21309999999999718,-534.4560873476688025,-16288.939911763500277,-16150.547012535338581,-16267.888038121924532
0.03267271,0.3048457,0.4689933846153846,0.2713226502018911,0.04867734979810887,0.32,2e-09,0.65,0.00687186261271929,0.7857362986619192,-1292.2670000000000528,-1159.8050000000000637,-1272.1173152845090412,-38728.21639709293231,-38462.481974272581283,-38687.79374880222807
0.03271138,0.1496632,0.23025107692307692,0.2713226502018911,0.04867734979810887,0.32,2e-09,0.65,0.00687186261271929,0.7857362986619192,-881.0358999999999696,-780.45669999999995525,-865.73612218495631077,-26329.930257876862015,-26113.579120666199742,-26297.019632923041105
0.0327713,0.02170092,0.033386030769230766,0.2713226502018911,0.04867734979810887,0.32,2e-09,0.65,0.00687186261271929,0.7857362986619192,-166.97769999999999868,-147.348700000000008,-163.99180094004036724,-4966.51912882580109,-4913.8172952730501493,-4958.5022988668974304
0.03279317,0.03152272,0.048496492307692304,0.2713226502018911,0.04867734979810887,0.32,2e-09,0.65,0.00687186261271929,0.7857362986619192,-246.83590000000000941,-213.51619999999999777,-241.76741658728734109,-7327.7708629582384674,-7251.4082686302053844,-7316.154835721998156
0.03282314,0.07234939,0.11130675384615384,0.2713226502018911,0.04867734979810887,0.32,2e-09,0.65,0.00687186261271929,0.7857362986619192,-530.48689999999999145,-462.73149999999998272,-520.18017091715374994,-15767.1406461544520425,-15617.360128836719014,-15744.356525421897145
0.03293099,0.09758001,0.1501230923076923,0.2713226502018911,0.04867734979810887,0.32,2e-09,0.65,0.00687186261271929,0.7857362986619192,-683.3061999999999898,-617.0055999999999585,-673.22077031867338737,-20332.397905823541805,-20197.894840650962578,-20311.937740972530987
0.03299385,0.06758327,0.10397426153846154,0.2713226502018911,0.04867734979810887,0.32,2e-09,0.65,0.00687186261271929,0.7857362986619192,-504.57569999999998345,-437.02269999999998618,-494.29975934090104922,-14907.6906557959900965,-14750.9275358347967995,-14883.844364465383154
0.03299802,0.1884756,0.2899624615384615,0.2713226502018911,0.04867734979810887,0.32,2e-09,0.65,0.00687186261271929,0.7857362986619192,-1020.47699999999997544,-912.81520000000000437,-1004.0998403172060457,-30270.307385910204175,-30050.645495024906268,-30236.89313997289676
0.03301779,0.2380894,0.36629138461538463,0.2713226502018911,0.04867734979810887,0.32,2e-09,0.65,0.00687186261271929,0.7857362986619192,-1155.0599999999999454,-1034.1839999999999691,-1136.6727395806367241,-34246.30323614032386,-34003.36733265445946,-34209.348623788757468
0.03309943,0.1948123,0.29971123076923073,0.2713226502018911,0.04867734979810887,0.32,2e-09,0.65,0.00687186261271929,0.7857362986619192,-1039.4919999999999618,-927.69240000000002055,-1022.4854117609728638,-30731.503895256184478,-30503.749795438376168,-30696.858689053731226
0.03324268,0.1355991,0.208614,0.2713226502018911,0.04867734979810887,0.32,2e-09,0.65,0.00687186261271929,0.7857362986619192,-858.78449999999998,-780.8955999999999449,-846.93629615409391226,-25339.032661261950125,-25194.210974320136302,-25317.002861531891112
0.03325084,0.04211312,0.06478941538461538,0.2713226502018911,0.04867734979810887,0.32,2e-09,0.65,0.00687186261271929,0.7857362986619192,-345.96350000000001046,-317.92360000000002174,-341.6981624356125117,-10211.710195483141433,-10168.398485839439672,-10205.121760356014152
0.03340025,0.08838342,0.13597449230769232,0.2713226502018911,0.04867734979810887,0.32,2e-09,0.65,0.00687186261271929,0.7857362986619192,-653.0465000000000373,-602.63409999999998945,-645.3779311594931636,-19211.724423391839082,-19132.349279723566724,-19199.650137036788514
0.03340491,0.06304895,0.09699838461538463,0.2713226502018911,0.04867734979810887,0.32,2e-09,0.65,0.00687186261271929,0.7857362986619192,-487.626199999999983,-427.20949999999999136,-478.43580987641431426,-14250.677572296717699,-14112.292423678709383,-14229.626877652521993
0.03341961,0.263961,0.40609384615384614,0.2713226502018911,0.04867734979810887,0.32,2e-09,0.65,0.00687186261271929,0.7857362986619192,-1234.2680000000000291,-1111.1349999999999909,-1215.5374121478420065,-36181.80687895477604,-35943.834184568666387,-36145.60725368279874
0.03364007,0.1008473,0.1551496923076923,0.2713226502018911,0.04867734979810887,0.32,2e-09,0.65,0.00687186261271929,0.7857362986619192,-707.6023999999999887,-632.6145999999999958,-696.19550196502922995,-20589.002817256914568,-20433.137418298669218,-20565.293084299061194
0.03383657,0.05245793,0.08070450769230769,0.2713226502018911,0.04867734979810887,0.32,2e-09,0.65,0.00687186261271929,0.7857362986619192,-436.98399999999998045,-403.48869999999999436,-431.8888048915855914,-12689.388933426835138,-12630.646256242604068,-12680.45319016003967
0.03388784,0.07738255,0.11905007692307691,0.2713226502018911,0.04867734979810887,0.32,2e-09,0.65,0.00687186261271929,0.7857362986619192,-583.81159999999999854,-522.3549000000000433,-574.46300848957047525,-16862.286878355589579,-16746.706063137509773,-16844.70510406708617
0.03428069,0.03748758,0.057673199999999994,0.2713226502018911,0.04867734979810887,0.32,2e-09,0.65,0.00687186261271929,0.7857362986619192,-312.224899999999991,-280.46980000000002065,-307.39441840445645326,-8913.4227282000174455,-8856.952227421157659,-8904.8326209509949845
0.03000385,0.01390522,0.02106851515151515,0.2713226502018911,0.04867734979810887,0.32,2e-09,0.66,0.0068723595541005985,0.7993060780513473,-87.39721000000000117,-82.13047000000000253,-86.59605079601345846,-2847.6858450030381391,-2830.1535829882882354,-2845.0188948441502632
0.03001854,0.1968979,0.29833015151515146,0.2713226502018911,0.04867734979810887,0.32,2e-09,0.66,0.0068723595541005985,0.7993060780513473,-960.99919999999997344,-848.52340000000003783,-943.8897504361807526,-31272.768277222563484,-31005.91451261572729,-31232.175358332844306
0.03008099,0.01750556,0.026523575757575756,0.2713226502018911,0.04867734979810887,0.32,2e-09,0.66,0.0068723595541005985,0.7993060780513473,-118.60989999999999611,-107.868600000000000705,-116.975968695667405274,-3849.436756190435517,-3814.9870854844043606,-3844.1963853423503563
0.03011101,0.01104531,0.01673531818181818,0.2713226502018911,0.04867734979810887,0.32,2e-09,0.66,0.0068723595541005985,0.7993060780513473,-62.817329999999998336,-60.410319999999998686,-62.451183538320162947,-2036.6711502111088521,-2028.4725481908894835,-2035.4240057786284754
0.03012284,0.1201535,0.18205075757575756,0.2713226502018911,0.04867734979810887,0.32,2e-09,0.66,0.0068723595541005985,0.7993060780513473,-716.3926000000000158,-633.3088999999999942,-703.7541802268089096,-23234.187185068822146,-23044.085272310221626,-23205.269505991821827
0.03019364,0.008773602,0.013293336363636363,0.2713226502018911,0.04867734979810887,0.32,2e-09,0.66,0.0068723595541005985,0.7993060780513473,-44.06302000000000163,-43.011319999999997776,-43.903038847554150988,-1417.5830262022795978,-1413.915993120504254,-1417.0252091646457665
0.03034473,0.00696912,0.010559272727272726,0.2713226502018911,0.04867734979810887,0.32,2e-09,0.66,0.0068723595541005985,0.7993060780513473,-30.473299999999998278,-30.026730000000000587,-30.405369237189554523,-966.13110662215660795,-964.5413185241411611,-965.8892732741816461
0.03043588,0.03520986,0.05334827272727273,0.2713226502018911,0.04867734979810887,0.32,2e-09,0.66,0.0068723595541005985,0.7993060780513473,-257.9648000000000252,-224.86379999999999768,-252.92958451353999876,-8257.587724477454685,-8179.773492018897741,-8245.750878812901887
0.03050957,0.005535768,0.008387527272727272,0.2713226502018911,0.04867734979810887,0.32,2e-09,0.66,0.0068723595541005985,0.7993060780513473,-20.879139999999999588,-20.693090000000001538,-20.850838684593941791,-647.79101438760574183,-647.11398532417126717,-647.68802694840480755
0.03059578,0.04473512,0.06778048484848485,0.2713226502018911,0.04867734979810887,0.32,2e-09,0.66,0.0068723595541005985,0.7993060780513473,-339.82159999999998945,-312.69009999999997262,-335.69444526235186838,-10899.27264001552976,-10854.198873100142009,-10892.416166519095551
0.03069118,0.1283241,0.19443045454545452,0.2713226502018911,0.04867734979810887,0.32,2e-09,0.66,0.0068723595541005985,0.7993060780513473,-773.1123999999999796,-699.3990000000000009,-761.8993595106001873,-24683.369272396164888,-24536.506600207059819,-24661.029004688558105
0.03076598,0.1162654,0.17615969696969697,0.2713226502018911,0.04867734979810887,0.32,2e-09,0.66,0.0068723595541005985,0.7993060780513473,-710.7233999999999696,-622.7057999999999538,-697.3344515512810854,-22547.199564939175616,-22341.172597226650396,-22515.859418766717738
0.03082863,0.2489848,0.37724969696969696,0.2713226502018911,0.04867734979810887,0.32,2e-09,0.66,0.0068723595541005985,0.7993060780513473,-1119.5499999999999545,-996.98279999999999745,-1100.9054797869537331,-35518.643261159530084,-35247.739708663641068,-35477.434301827049474
0.03084577,0.05720702,0.08667730303030302,0.2713226502018911,0.04867734979810887,0.32,2e-09,0.66,0.0068723595541005985,0.7993060780513473,-426.37060000000002447,-383.08109999999999218,-419.78554333098363563,-13530.977981460997398,-13428.931442391487508,-13515.454996842331667
0.03098702,0.1843064,0.27925212121212123,0.2713226502018911,0.04867734979810887,0.32,2e-09,0.66,0.0068723595541005985,0.7993060780513473,-962.9963000000000193,-861.67650000000003274,-947.5838645435173611,-30414.550099697120459,-30193.391387744111853,-30380.908162251380537
0.03099082,0.2249427,0.3408222727272727,0.2713226502018911,0.04867734979810887,0.32,2e-09,0.66,0.0068723595541005985,0.7993060780513473,-1072.0009999999999764,-959.25279999999997926,-1054.8501138421650988,-33853.139734691314516,-33609.321149657429487,-33816.050851719514117
0.03103591,0.05096287,0.0772164696969697,0.2713226502018911,0.04867734979810887,0.32,2e-09,0.66,0.0068723595541005985,0.7993060780513473,-392.23689999999999145,-362.05689999999998463,-387.64601744716582196,-12411.5579020008663065,-12356.414574150181579,-12403.169679942053733
0.03106831,0.2863723,0.4338974242424243,0.2713226502018911,0.04867734979810887,0.32,2e-09,0.66,0.0068723595541005985,0.7993060780513473,-1208.8859999999999673,-1077.6859999999999218,-1188.9282865827752445,-38064.211114927100425,-37777.248544109039358,-38020.5593104312347
0.03123658,0.04683359,0.07095998484848484,0.2713226502018911,0.04867734979810887,0.32,2e-09,0.66,0.0068723595541005985,0.7993060780513473,-364.02359999999998763,-336.99040000000002237,-359.91139833574297943,-11447.594240322861879,-11404.563356149041283,-11441.048523444576998
0.0313387,0.1783277,0.2701934848484848,0.2713226502018911,0.04867734979810887,0.32,2e-09,0.66,0.0068723595541005985,0.7993060780513473,-958.96479999999996835,-863.68280000000004293,-944.4708148641767627,-29973.309402168724773,-29776.80754228920705,-29943.41818413955421
0.0313679,0.05510483,0.08349216666666666,0.2713226502018911,0.04867734979810887,0.32,2e-09,0.66,0.0068723595541005985,0.7993060780513473,-422.17009999999999081,-384.12639999999998963,-416.38301721089273044,-13196.168925712374403,-13114.603888940102479,-13183.761520005312895
0.03137349,0.1725479,0.2614362121212121,0.2713226502018911,0.04867734979810887,0.32,2e-09,0.66,0.0068723595541005985,0.7993060780513473,-941.39179999999998927,-848.04549999999994725,-927.1922671954398899,-29391.92828426532651,-29202.360573706842843,-29363.091866273818432
0.03142603,0.08642163,0.13094186363636362,0.2713226502018911,0.04867734979810887,0.32,2e-09,0.66,0.0068723595541005985,0.7993060780513473,-606.01940000000001874,-554.96709999999995944,-598.25349167156874053,-18925.289095592463127,-18837.050440807441191,-18911.866521015320417
0.03151322,0.1615532,0.24477757575757575,0.2713226502018911,0.04867734979810887,0.32,2e-09,0.66,0.0068723595541005985,0.7993060780513473,-900.17349999999999,-799.76149999999995543,-884.8991561002258387,-27932.89679690367484,-27715.965545496645063,-27899.897926882167859
0.03151801,0.2035318,0.30838151515151513,0.2713226502018911,0.04867734979810887,0.32,2e-09,0.66,0.0068723595541005985,0.7993060780513473,-1027.5239999999998872,-914.72709999999995034,-1010.36570575799262206,-31888.700551716461632,-31645.34421824259698,-31851.681984934918729
0.03158451,0.04890326,0.07409584848484847,0.2713226502018911,0.04867734979810887,0.32,2e-09,0.66,0.0068723595541005985,0.7993060780513473,-384.16840000000001965,-356.14269999999999072,-379.90522249300980337,-11952.148884934202215,-11906.2777156307874975,-11945.17111320348082
0.03160372,0.1125029,0.17045893939393938,0.2713226502018911,0.04867734979810887,0.32,2e-09,0.66,0.0068723595541005985,0.7993060780513473,-711.4475999999999658,-621.25950000000000273,-697.7284822146036042,-21966.925895995609608,-21756.564634006212145,-21934.926431202390045
0.0316072,0.08086675,0.12252537878787878,0.2713226502018911,0.04867734979810887,0.32,2e-09,0.66,0.0068723595541005985,0.7993060780513473,-571.2785000000000082,-513.7980000000000018,-562.53475498415560446,-17697.887627470852749,-17586.021743838788097,-17680.870956383250295
0.03160916,0.1053376,0.15960242424242424,0.2713226502018911,0.04867734979810887,0.32,2e-09,0.66,0.0068723595541005985,0.7993060780513473,-685.31389999999998963,-602.3428000000000111,-672.69260856926910147,-21173.460831257409154,-20977.924029349538614,-21143.716414679679767
0.03163123,0.2326369,0.3524801515151515,0.2713226502018911,0.04867734979810887,0.32,2e-09,0.66,0.0068723595541005985,0.7993060780513473,-1109.9760000000001128,-991.6875999999999749,-1091.9823568004418277,-34340.60865646191087,-34087.80764695865946,-34302.15339655908329
0.03168394,0.1326154,0.20093242424242422,0.2713226502018911,0.04867734979810887,0.32,2e-09,0.66,0.0068723595541005985,0.7993060780513473,-816.8970000000000482,-743.0788000000000011,-805.66801767854136196,-25287.13562404782715,-25146.777474362865178,-25265.78480295648166
0.03169435,0.1416333,0.21459590909090906,0.2713226502018911,0.04867734979810887,0.32,2e-09,0.66,0.0068723595541005985,0.7993060780513473,-844.4475999999999658,-758.0540999999999485,-831.30570431317828706,-26088.603633006190648,-25904.675589540656802,-26060.6251026641464
0.03174604,0.1463697,0.2217722727272727,0.2713226502018911,0.04867734979810887,0.32,2e-09,0.66,0.0068723595541005985,0.7993060780513473,-856.786899999999946,-761.61969999999996617,-842.31037786341681023,-26395.298648833795596,-26184.65161219559377,-26363.255712938879903
0.03175624,0.02737438,0.04147633333333333,0.2713226502018911,0.04867734979810887,0.32,2e-09,0.66,0.0068723595541005985,0.7993060780513473,-205.58850000000001046,-176.4439999999999884,-201.15513430877816872,-6294.013963070259706,-6217.6221019743343277,-6282.393483869338058
0.0317872,0.3327455,0.5041598484848485,0.2713226502018911,0.04867734979810887,0.32,2e-09,0.66,0.0068723595541005985,0.7993060780513473,-1326.8759999999999764,-1186.7580000000000382,-1305.5617096905892156,-40856.58775324038288,-40562.18128913363762,-40811.803608127417515
0.0318439,0.04033108,0.061107696969696965,0.2713226502018911,0.04867734979810887,0.32,2e-09,0.66,0.0068723595541005985,0.7993060780513473,-314.62749999999999773,-284.75740000000001828,-310.0837584181109435,-9676.311800951210898,-9622.206455299352456,-9668.0814733379509995
0.03198567,0.1241716,0.18813878787878785,0.2713226502018911,0.04867734979810887,0.32,2e-09,0.66,0.0068723595541005985,0.7993060780513473,-782.6756000000000313,-704.88170000000002346,-770.8418472423152863,-23969.713602514322702,-23817.884937787221133,-23946.617924319631145
0.03205392,0.3774861,0.5719486363636364,0.2713226502018911,0.04867734979810887,0.32,2e-09,0.66,0.0068723595541005985,0.7993060780513473,-1415.8460000000000036,-1267.8630000000000564,-1393.3353117025825911,-43242.24594971469196,-42935.882545202613983,-43195.642954068521142
0.03206632,0.2763417,0.41869954545454546,0.2713226502018911,0.04867734979810887,0.32,2e-09,0.66,0.0068723595541005985,0.7993060780513473,-1226.5239999999998872,-1098.16599999999994,-1206.9986022956696327,-37444.77192861563526,-37178.068578172838897,-37404.201890234908007
0.03209301,0.07068529,0.10709892424242423,0.2713226502018911,0.04867734979810887,0.32,2e-09,0.66,0.0068723595541005985,0.7993060780513473,-510.48219999999997754,-441.64400000000000546,-500.010758934774392,-15503.488717452282799,-15340.901398592102851,-15478.756468099489365
0.03213793,0.2969474,0.44992030303030295,0.2713226502018911,0.04867734979810887,0.32,2e-09,0.66,0.0068723595541005985,0.7993060780513473,-1272.150000000000091,-1139.5239999999998872,-1251.9753681427375174,-38753.62973593413335,-38480.40000427929772,-38712.066925862236292
0.0321578,1.105707,1.6753136363636363,0.2713226502018911,0.04867734979810887,0.32,2e-09,0.66,0.0068723595541005985,0.7993060780513473,-2122.3209999999999127,-1901.7590000000000146,-2088.7698324182170124,-64616.58899154568644,-64163.551618845645862,-64547.674433225255285
0.03216238,0.4158249,0.6300377272727272,0.2713226502018911,0.04867734979810887,0.32,2e-09,0.66,0.0068723595541005985,0.7993060780513473,-1481.2029999999999745,-1327.0370000000000346,-1457.751774034452224,-45089.47783734211407,-44772.218088305737183,-45041.217325527412022
0.03216847,0.8798604,1.333121818181818,0.2713226502018911,0.04867734979810887,0.32,2e-09,0.66,0.0068723595541005985,0.7993060780513473,-1969.2809999999999491,-1764.6489999999998872,-1938.1530517378541411,-59937.44523187334562,-59517.279224091311335,-59873.53095770434079
0.03217821,0.7155089,1.084104393939394,0.2713226502018911,0.04867734979810887,0.32,2e-09,0.66,0.0068723595541005985,0.7993060780513473,-1832.4909999999999854,-1642.0879999999999654,-1803.5275205199707275,-55757.36259575670556,-55366.48728667218529,-55697.903926544978244
0.03218488,0.4671149,0.7077498484848485,0.2713226502018911,0.04867734979810887,0.32,2e-09,0.66,0.0068723595541005985,0.7993060780513473,-1555.9339999999999691,-1394.1720000000000255,-1531.3272954436196037,-47332.261960280935455,-46999.965208821835404,-47281.714069007338914
0.03218653,0.6124465,0.9279492424242424,0.2713226502018911,0.04867734979810887,0.32,2e-09,0.66,0.0068723595541005985,0.7993060780513473,-1730.8460000000000036,-1551.0139999999998963,-1703.4905463472076418,-52651.107575867201376,-52281.977506398478,-52594.956721140541237
0.03219327,0.5471651,0.8290380303030302,0.2713226502018911,0.04867734979810887,0.32,2e-09,0.66,0.0068723595541005985,0.7993060780513473,-1657.9829999999999472,-1485.7270000000000891,-1631.7799826036778555,-50424.14826892189012,-50070.60234136982035,-50370.368022718296192
0.0321996,0.5016548,0.7600830303030301,0.2713226502018911,0.04867734979810887,0.32,2e-09,0.66,0.0068723595541005985,0.7993060780513473,-1602.30600000000004,-1435.8389999999999418,-1576.9835862848693286,-48721.289894101450045,-48379.6259945346319,-48669.317102999573894
0.0322196,0.2104074,0.31879909090909087,0.2713226502018911,0.04867734979810887,0.32,2e-09,0.66,0.0068723595541005985,0.7993060780513473,-1072.6890000000000782,-962.09180000000003474,-1055.8653169028393567,-32599.901621272867487,-32375.20571204605585,-32565.721616986498452
0.03223485,0.1,0.15151515151515152,0.2713226502018911,0.04867734979810887,0.32,2e-09,0.66,0.0068723595541005985,0.7993060780513473,-682.88179999999999836,-612.6246999999999616,-672.19452052343521464,-20743.143332865776756,-20592.302416655376874,-20720.197907733771636
0.03223543,0.3200335,0.4848992424242424,0.2713226502018911,0.04867734979810887,0.32,2e-09,0.66,0.0068723595541005985,0.7993060780513473,-1321.9200000000000728,-1184.5779999999999745,-1301.0279857000878824,-40151.17317847065715,-39869.04064663652389,-40108.256103653418325
0.03223969,0.4392606,0.6655463636363637,0.2713226502018911,0.04867734979810887,0.32,2e-09,0.66,0.0068723595541005985,0.7993060780513473,-1519.4780000000000655,-1361.80600000000004,-1495.4934528207267691,-46146.409784384602972,-45823.42902751602378,-46097.27901163413127
0.03230331,0.0593405,0.08990984848484848,0.2713226502018911,0.04867734979810887,0.32,2e-09,0.66,0.0068723595541005985,0.7993060780513473,-456.86649999999997362,-407.63069999999999027,-449.37691169003204403,-13837.2411090162277105,-13724.157021404831539,-13820.039128737289174
0.03231745,0.3955026,0.5992463636363636,0.2713226502018911,0.04867734979810887,0.32,2e-09,0.66,0.0068723595541005985,0.7993060780513473,-1456.75,-1305.9739999999999327,-1433.8144497088759476,-44137.121101898679626,-43829.38837494616746,-44090.309809416821306
0.03234272,0.3612462,0.5473427272727273,0.2713226502018911,0.04867734979810887,0.32,2e-09,0.66,0.0068723595541005985,0.7993060780513473,-1401.1590000000001055,-1256.2170000000000982,-1379.1108986423828381,-42420.109807505439676,-42124.42444726102258,-42375.131120909192894
0.03237274,0.0615118,0.09319969696969696,0.2713226502018911,0.04867734979810887,0.32,2e-09,0.66,0.0068723595541005985,0.7993060780513473,-468.18990000000002283,-413.11110000000002174,-459.81149370606224566,-14130.9638647951651365,-14000.87553814801322,-14111.1752554799958554
0.0324081,0.3464192,0.5248775757575757,0.2713226502018911,0.04867734979810887,0.32,2e-09,0.66,0.0068723595541005985,0.7993060780513473,-1377.8369999999999891,-1235.6569999999999254,-1356.2090450178276418,-41631.837326745669998,-41342.996289129630895,-41587.899776045403964
0.03241091,0.1088617,0.1649419696969697,0.2713226502018911,0.04867734979810887,0.32,2e-09,0.66,0.0068723595541005985,0.7993060780513473,-714.18650000000002365,-625.6449999999999818,-700.71785760265854387,-21514.12927634157677,-21312.12507160349196,-21483.401059670562429
0.03241556,0.156324,0.23685454545454543,0.2713226502018911,0.04867734979810887,0.32,2e-09,0.66,0.0068723595541005985,0.7993060780513473,-904.162900000000036,-800.8523999999999887,-888.44764579275769956,-27270.50658322828167,-27048.864190411906748,-27236.79106983699103
0.03263502,0.09542682,0.1445860909090909,0.2713226502018911,0.04867734979810887,0.32,2e-09,0.66,0.0068723595541005985,0.7993060780513473,-675.78779999999994743,-616.74059999999997217,-666.805733721878363,-20320.311609766326,-20208.577263173276151,-20303.314947661409892
0.03263923,0.06599073,0.09998595454545453,0.2713226502018911,0.04867734979810887,0.32,2e-09,0.66,0.0068723595541005985,0.7993060780513473,-493.41809999999998126,-428.56630000000001246,-483.55305701988433859,-14743.355243025984237,-14589.297869456555418,-14719.920540956554954
0.03267491,0.09232993,0.13989383333333333,0.2713226502018911,0.04867734979810887,0.32,2e-09,0.66,0.0068723595541005985,0.7993060780513473,-663.314200000000028,-609.7414999999999736,-655.1648966952213918,-19938.588468788937462,-19845.86890517505526,-19924.484273066558695
0.03269112,0.02202745,0.03337492424242424,0.2713226502018911,0.04867734979810887,0.32,2e-09,0.66,0.0068723595541005985,0.7993060780513473,-168.13079999999999359,-148.4655999999999949,-165.13939431484444981,-5014.27687822916414,-4961.5119079188070828,-5006.2504441139009876
0.03275442,0.07563244,0.11459460606060605,0.2713226502018911,0.04867734979810887,0.32,2e-09,0.66,0.0068723595541005985,0.7993060780513473,-553.12369999999998527,-487.41890000000000782,-543.1289014593287534,-16497.471376309797051,-16358.822243724069267,-16476.380525290797518
0.03290924,0.03191985,0.04836340909090909,0.2713226502018911,0.04867734979810887,0.32,2e-09,0.66,0.0068723595541005985,0.7993060780513473,-250.03409999999999513,-216.72810000000001196,-244.96770058632556245,-7399.869235090322036,-7324.2338919048488606,-7388.3638349111365216
0.0330165,0.3081382,0.4668760606060605,0.2713226502018911,0.04867734979810887,0.32,2e-09,0.66,0.0068723595541005985,0.7993060780513473,-1330.1829999999999927,-1195.8330000000000837,-1309.7461189207001485,-39467.570730105137045,-39202.917309930671763,-39427.312520389202337
0.0330288,0.07312509,0.11079559090909091,0.2713226502018911,0.04867734979810887,0.32,2e-09,0.66,0.0068723595541005985,0.7993060780513473,-540.4075000000000273,-472.17380000000002838,-530.0280134908774257,-15968.754215911611027,-15819.650811936173341,-15946.073095438482064
0.03316062,0.09862433,0.149430803030303,0.2713226502018911,0.04867734979810887,0.32,2e-09,0.66,0.0068723595541005985,0.7993060780513473,-697.7702000000000453,-630.97709999999995034,-687.60985283499978027,-20627.462255664591794,-20493.88456309862886,-20607.142855457535171
0.03329055,0.2576919,0.39044227272727267,0.2713226502018911,0.04867734979810887,0.32,2e-09,0.66,0.0068723595541005985,0.7993060780513473,-1230.3510000000001128,-1107.5419999999999163,-1211.6696979645126516,-36212.5043463196198,-35974.71093566129275,-36176.331993099930582
0.0333094,0.06830868,0.10349799999999999,0.2713226502018911,0.04867734979810887,0.32,2e-09,0.66,0.0068723595541005985,0.7993060780513473,-515.56939999999997326,-447.68990000000002283,-505.2437932324351625,-15096.420315173056224,-14941.682039791019633,-15072.882036554531354
0.03333921,0.2406427,0.36461015151515147,0.2713226502018911,0.04867734979810887,0.32,2e-09,0.66,0.0068723595541005985,0.7993060780513473,-1186.95900000000006,-1064.3710000000000946,-1168.3113157592169559,-34867.919043283502106,-34625.54774771916709,-34831.050317235979072
0.03345695,0.1669589,0.2529680303030303,0.2713226502018911,0.04867734979810887,0.32,2e-09,0.66,0.0068723595541005985,0.7993060780513473,-979.0135999999999967,-882.71519999999998163,-964.36500343188053286,-28677.19977421486692,-28495.722297058004187,-28649.594015977232592
0.03347123,0.04258117,0.06451692424242424,0.2713226502018911,0.04867734979810887,0.32,2e-09,0.66,0.0068723595541005985,0.7993060780513473,-351.42590000000001282,-323.13119999999997844,-347.1218030958357626,-10307.725587289998657,-10264.281744826641443,-10301.117052551989599
0.03349042,0.08932956,0.13534781818181818,0.2713226502018911,0.04867734979810887,0.32,2e-09,0.66,0.0068723595541005985,0.7993060780513473,-663.4640000000000555,-612.4514000000000351,-655.7041307052781073,-19470.38558389211903,-19390.33673850552077,-19458.208816242686385
0.03349478,0.1904932,0.2886260606060606,0.2713226502018911,0.04867734979810887,0.32,2e-09,0.66,0.0068723595541005985,0.7993060780513473,-1053.2799999999999727,-944.26969999999994343,-1036.6977109228224389,-30796.975327524567547,-30580.093866191720736,-30763.98403140574169
0.03351689,0.217539,0.32960454545454543,0.2713226502018911,0.04867734979810887,0.32,2e-09,0.66,0.0068723595541005985,0.7993060780513473,-1137.9880000000000564,-1027.8299999999999272,-1121.231126565437222,-33282.89712647812121,-33074.801817121420754,-33251.242350962801776
0.03356001,0.1512648,0.2291890909090909,0.2713226502018911,0.04867734979810887,0.32,2e-09,0.66,0.0068723595541005985,0.7993060780513473,-917.9955999999999676,-816.1436999999999671,-902.50222323780614236,-26761.660728176102566,-26551.511887223547092,-26729.6935761738659
0.03369633,0.08360206,0.12666978787878788,0.2713226502018911,0.04867734979810887,0.32,2e-09,0.66,0.0068723595541005985,0.7993060780513473,-628.9311000000000149,-575.16449999999997544,-620.75230126357809163,-18322.015804371672857,-18234.305837995030743,-18308.673652140119772
0.03379754,0.06372677,0.09655571212121213,0.2713226502018911,0.04867734979810887,0.32,2e-09,0.66,0.0068723595541005985,0.7993060780513473,-499.1313000000000102,-438.4888000000000261,-489.90656192146305128,-14425.796755740997469,-14289.915883730242058,-14405.127003435561039
0.03383845,0.1370502,0.2076518181818182,0.2713226502018911,0.04867734979810887,0.32,2e-09,0.66,0.0068723595541005985,0.7993060780513473,-887.6477999999999611,-808.95090000000004693,-875.676685845853685,-25744.282594935662928,-25602.38178519077701,-25722.697109458827036
0.0338904,0.07821159,0.11850240909090907,0.2713226502018911,0.04867734979810887,0.32,2e-09,0.66,0.0068723595541005985,0.7993060780513473,-591.21280000000001564,-529.1476999999999862,-581.77166067826682605,-17078.537496617951547,-16961.822025069675874,-17060.783122132305929
0.03398121,0.2667975,0.4042386363636364,0.2713226502018911,0.04867734979810887,0.32,2e-09,0.66,0.0068723595541005985,0.7993060780513473,-1277.66599999999994,-1152.8330000000000837,-1258.6768137270394889,-36855.898215722590976,-36621.31960556795093,-36820.214887404929552
0.03399201,0.1019266,0.15443424242424242,0.2713226502018911,0.04867734979810887,0.32,2e-09,0.66,0.0068723595541005985,0.7993060780513473,-725.225400000000036,-649.69050000000004275,-713.7352789085463218,-20893.649338515850104,-20739.696151120373543,-20870.23048490527575
0.03412334,0.05302642,0.0803430606060606,0.2713226502018911,0.04867734979810887,0.32,2e-09,0.66,0.0068723595541005985,0.7993060780513473,-445.20100000000002183,-411.44720000000000937,-440.0664827199518434,-12823.767469243153755,-12765.4431135722661566,-12814.895359672086715
0.0344424,0.03791692,0.057449878787878786,0.2713226502018911,0.04867734979810887,0.32,2e-09,0.66,0.0068723595541005985,0.7993060780513473,-316.53129999999998745,-284.646000000000015,-311.68101280775734357,-8996.986558730970501,-8940.731349980358573,-8988.429200998723112
0.03000113,0.03834846,0.05723650746268656,0.2713226502018911,0.04867734979810887,0.32,2e-09,0.67,0.006872673954107271,0.8128609242504963,-279.04279999999999973,-247.3148999999999944,-274.2164559791892981,-9082.12866008135461,-9012.651336325738157,-9071.559997607951602
0.03004535,0.01776577,0.02651607462686567,0.2713226502018911,0.04867734979810887,0.32,2e-09,0.67,0.006872673954107271,0.8128609242504963,-119.396299999999996544,-108.62869999999999493,-117.75836802598087264,-3880.4075355312343163,-3845.9575948134688588,-3875.1671236098502373
0.03005345,0.00890402,0.013289582089552238,0.2713226502018911,0.04867734979810887,0.32,2e-09,0.67,0.006872673954107271,0.8128609242504963,-44.065399999999996794,-43.011450000000003513,-43.90507658493837981,-1424.3286881771573462,-1420.6453155361812151,-1423.7683856194023901
0.03012787,0.01411192,0.0210625671641791,0.2713226502018911,0.04867734979810887,0.32,2e-09,0.67,0.006872673954107271,0.8128609242504963,-88.33176000000000272,-83.0481500000000068,-87.5280345869787913,-2867.125646529340429,-2849.7304126664053001,-2864.4795406431965603
0.03013989,0.2696549,0.40246999999999994,0.2713226502018911,0.04867734979810887,0.32,2e-09,0.67,0.006872673954107271,0.8128609242504963,-1156.6210000000000946,-1031.2080000000000837,-1137.5435860305305555,-37540.45037396486441,-37257.067925892763014,-37497.343165991579326
0.03019263,0.05359891,0.07999837313432835,0.2713226502018911,0.04867734979810887,0.32,2e-09,0.67,0.006872673954107271,0.8128609242504963,-398.81310000000001992,-365.06819999999999027,-393.6799365587431018,-12959.345708623795872,-12888.863811892964804,-12948.624233806291859
0.03025134,0.0112095,0.016730597014925373,0.2713226502018911,0.04867734979810887,0.32,2e-09,0.67,0.006872673954107271,0.8128609242504963,-63.454239999999998645,-61.039409999999996614,-63.086903985584471564,-2048.3657790163110803,-2040.239507560525908,-2047.1296372719121374
0.03025362,0.1925257,0.2873517910447761,0.2713226502018911,0.04867734979810887,0.32,2e-09,0.67,0.006872673954107271,0.8128609242504963,-969.532799999999952,-860.0499999999999545,-952.87863577351115824,-31330.982464980450459,-31075.870994044100371,-31292.175745267077273
0.0303802,0.007072714,0.010556289552238805,0.2713226502018911,0.04867734979810887,0.32,2e-09,0.67,0.006872673954107271,0.8128609242504963,-30.620319999999999538,-30.17266000000000048,-30.55222342996680576,-969.8416724477775688,-968.26003232184177705,-969.6010785425746671
0.03043768,0.198999,0.2970134328358209,0.2713226502018911,0.04867734979810887,0.32,2e-09,0.67,0.006872673954107271,0.8128609242504963,-990.55740000000002965,-876.53949999999997544,-973.2133712451693398,-31808.298682430911867,-31543.89492046785017,-31768.07844990274875
0.03047163,0.1385121,0.20673447761194028,0.2713226502018911,0.04867734979810887,0.32,2e-09,0.67,0.006872673954107271,0.8128609242504963,-813.3523999999999887,-734.4437000000000353,-801.34906752495608817,-26153.670514416706283,-25986.492440516398347,-26128.239934473519387
0.03049268,0.005618057,0.008385159701492537,0.2713226502018911,0.04867734979810887,0.32,2e-09,0.67,0.006872673954107271,0.8128609242504963,-20.928770000000000095,-20.742349999999998289,-20.90041240140823766,-649.74963624642703053,-649.07476911027561073,-649.64697767250919874
0.03055835,0.03562273,0.053168253731343276,0.2713226502018911,0.04867734979810887,0.32,2e-09,0.67,0.006872673954107271,0.8128609242504963,-261.309599999999989,-228.15559999999999263,-256.2663223274796553,-8334.580579504578054,-8257.2944527753115835,-8322.824067550385962
0.03056463,0.2198618,0.3281519402985074,0.2713226502018911,0.04867734979810887,0.32,2e-09,0.67,0.006872673954107271,0.8128609242504963,-1057.7239999999999327,-946.90419999999994616,-1040.8664557213859112,-33873.393563650162832,-33632.354899543133797,-33836.727553126389846
0.03061508,0.16874,0.2518507462686567,0.2713226502018911,0.04867734979810887,0.32,2e-09,0.67,0.006872673954107271,0.8128609242504963,-911.9701999999999771,-815.0040000000000191,-897.22001988752059776,-29150.550225941427925,-28940.707865652559121,-29118.629694771920063
0.0306876,0.1528783,0.22817656716417908,0.2713226502018911,0.04867734979810887,0.32,2e-09,0.67,0.006872673954107271,0.8128609242504963,-854.50090000000000146,-752.2142999999999802,-838.9413981004398086,-27199.910569876061345,-26957.34211740957835,-27163.011852967632986
0.03078002,0.07144102,0.10662838805970147,0.2713226502018911,0.04867734979810887,0.32,2e-09,0.67,0.006872673954107271,0.8128609242504963,-496.12180000000000746,-427.15449999999998454,-485.63072066646524055,-15699.885905348679444,-15526.149218527440098,-15673.457650732547197
0.03085418,0.04522601,0.06750150746268656,0.2713226502018911,0.04867734979810887,0.32,2e-09,0.67,0.006872673954107271,0.8128609242504963,-345.788599999999974,-318.36820000000000164,-341.61749874248725414,-11001.311567801933052,-10956.089327859259356,-10994.432509075858342
0.03099548,0.1175056,0.17538149253731342,0.2713226502018911,0.04867734979810887,0.32,2e-09,0.67,0.006872673954107271,0.8128609242504963,-726.32169999999996435,-637.3229000000000042,-712.7834946274626362,-22880.959042193608184,-22675.25839867493778,-22849.668535386561459
0.03108965,0.05782221,0.08630180597014925,0.2713226502018911,0.04867734979810887,0.32,2e-09,0.67,0.006872673954107271,0.8128609242504963,-434.3365000000000009,-390.84010000000000673,-427.71997038200477756,-13681.4713730023904645,-13580.561539088517748,-13666.121300241469101
0.03111764,0.2516477,0.3755935820895522,0.2713226502018911,0.04867734979810887,0.32,2e-09,0.67,0.006872673954107271,0.8128609242504963,-1149.8320000000001073,-1025.5050000000001091,-1130.9197847864079026,-36156.32729809374723,-35885.84436173528229,-36115.182321507679145
0.03120676,0.08734391,0.1303640447761194,0.2713226502018911,0.04867734979810887,0.32,2e-09,0.67,0.006872673954107271,0.8128609242504963,-609.5619000000000369,-557.88580000000001746,-601.70110126280607604,-19170.982630864833482,-19080.479889482830913,-19157.215650865021665
0.03124207,0.05151458,0.07688743283582089,0.2713226502018911,0.04867734979810887,0.32,2e-09,0.67,0.006872673954107271,0.8128609242504963,-398.70019999999999527,-368.23730000000000473,-394.06628362760993722,-12536.625880786968992,-12481.4825153238089115,-12528.237653006671356
0.03126492,0.1296929,0.19357149253731343,0.2713226502018911,0.04867734979810887,0.32,2e-09,0.67,0.006872673954107271,0.8128609242504963,-799.0125000000000455,-724.3325999999999567,-787.6524387025381341,-25056.384818028775044,-24911.90182607765746,-25034.406539469142109
0.03142234,0.2894455,0.4320082089552239,0.2713226502018911,0.04867734979810887,0.32,2e-09,0.67,0.006872673954107271,0.8128609242504963,-1244.6579999999999018,-1111.5380000000000109,-1224.4082224839865469,-38767.479226106763235,-38481.816457851367886,-38724.025143310932435
0.03145156,0.2273452,0.3393211940298507,0.2713226502018911,0.04867734979810887,0.32,2e-09,0.67,0.006872673954107271,0.8128609242504963,-1106.6489999999998872,-992.4864000000000033,-1089.2829599560573834,-34454.61039434030681,-34213.922642457349866,-34417.99776343240702
0.03150188,0.08173008,0.12198519402985074,0.2713226502018911,0.04867734979810887,0.32,2e-09,0.67,0.006872673954107271,0.8128609242504963,-576.515700000000038,-518.39850000000001273,-567.67510226972920634,-17922.320903667590756,-17808.484537067175552,-17905.004489177731442
0.03150318,0.1862728,0.2780191044776119,0.2713226502018911,0.04867734979810887,0.32,2e-09,0.67,0.006872673954107271,0.8128609242504963,-995.1354999999999791,-892.6508999999999787,-979.5458789902522004,-30933.173645054415829,-30715.72587773602936,-30900.096204327618452
0.03157013,0.04734456,0.0706635223880597,0.2713226502018911,0.04867734979810887,0.32,2e-09,0.67,0.006872673954107271,0.8128609242504963,-371.29419999999998936,-343.9544999999999959,-367.13537456163947523,-11556.843245474010473,-11513.784932427448439,-11550.293356205622012
0.03157554,0.05569847,0.0831320447761194,0.2713226502018911,0.04867734979810887,0.32,2e-09,0.67,0.006872673954107271,0.8128609242504963,-429.38290000000000646,-391.11040000000002692,-423.56101290578710108,-13338.155698710505021,-13257.177329023617858,-13325.837534875101227
0.03168592,0.1632766,0.24369641791044774,0.2713226502018911,0.04867734979810887,0.32,2e-09,0.67,0.006872673954107271,0.8128609242504963,-919.45659999999998035,-817.7134999999999536,-903.979773536737508,-28385.509109308630286,-28167.732694680798886,-28352.38167583170152
0.03174098,0.02776031,0.04143329850746268,0.2713226502018911,0.04867734979810887,0.32,2e-09,0.67,0.006872673954107271,0.8128609242504963,-207.52799999999999159,-178.38640000000000896,-203.09507544726070108,-6358.724452195997401,-6282.6135582656752376,-6347.1467127982061527
0.0317984,0.04943448,0.07378280597014926,0.2713226502018911,0.04867734979810887,0.32,2e-09,0.67,0.006872673954107271,0.8128609242504963,-390.44479999999998654,-362.11939999999998463,-386.13603311258948264,-12069.123422570995899,-12023.074767156786038,-12062.118652235589382
0.0318024,0.205704,0.30702089552238804,0.2713226502018911,0.04867734979810887,0.32,2e-09,0.67,0.006872673954107271,0.8128609242504963,-1054.1459999999999582,-939.76120000000003074,-1036.7461596212913894,-32435.818855346875353,-32192.70646672282237,-32398.837396655288126
0.03194252,0.0407822,0.06086895522388059,0.2713226502018911,0.04867734979810887,0.32,2e-09,0.67,0.006872673954107271,0.8128609242504963,-318.41730000000001155,-288.35140000000001237,-313.84377396470323623,-9765.287544106507994,-9710.989027434174204,-9757.0278319515771175
0.03195293,0.1743887,0.2602816417910448,0.2713226502018911,0.04867734979810887,0.32,2e-09,0.67,0.006872673954107271,0.8128609242504963,-974.09619999999995343,-879.5538999999999987,-959.7147356005694334,-29879.11407925572712,-29692.885946949714707,-29850.78566694788855
0.03197135,0.1064613,0.15889746268656715,0.2713226502018911,0.04867734979810887,0.32,2e-09,0.67,0.006872673954107271,0.8128609242504963,-702.99689999999998236,-619.3826000000000249,-690.2777670961748975,-21485.507244305350468,-21292.493493577472691,-21456.146625992768804
0.0320799,0.1802302,0.26900029850746265,0.2713226502018911,0.04867734979810887,0.32,2e-09,0.67,0.006872673954107271,0.8128609242504963,-997.4897999999999456,-901.06320000000005166,-982.82170206861763156,-30478.495169759589771,-30287.273706884057901,-30449.40718839303032
0.03211562,0.2351225,0.35092910447761194,0.2713226502018911,0.04867734979810887,0.32,2e-09,0.67,0.006872673954107271,0.8128609242504963,-1146.4570000000001073,-1026.59699999999998,-1128.2242901662458593,-34953.77927705727052,-34704.067903911425674,-34915.794002497311354
0.0321548,0.3363419,0.5020028358208956,0.2713226502018911,0.04867734979810887,0.32,2e-09,0.67,0.006872673954107271,0.8128609242504963,-1367.0809999999999036,-1224.8689999999999145,-1345.4481772828477576,-41633.010286007469404,-41339.951311559147143,-41588.43111659904057
0.03224542,0.147931,0.22079253731343285,0.2713226502018911,0.04867734979810887,0.32,2e-09,0.67,0.006872673954107271,0.8128609242504963,-883.7939000000000078,-787.625,-869.1650025468769734,-26821.503425929284276,-26614.272695894465869,-26789.980167382963492
0.03225769,0.1431441,0.21364791044776119,0.2713226502018911,0.04867734979810887,0.32,2e-09,0.67,0.006872673954107271,0.8128609242504963,-872.66859999999996944,-785.40819999999996526,-859.39483433024085157,-26505.851100943487836,-26325.639696588848892,-26478.437933545425604
0.03227031,0.1,0.14925373134328357,0.2713226502018911,0.04867734979810887,0.32,2e-09,0.67,0.006872673954107271,0.8128609242504963,-689.947400000000016,-621.97929999999996653,-679.6083156912098274,-20951.246089345029759,-20808.937118055724568,-20929.598515673594184
0.03234777,0.13403,0.200044776119403,0.2713226502018911,0.04867734979810887,0.32,2e-09,0.67,0.006872673954107271,0.8128609242504963,-846.3423999999999978,-771.6453999999999951,-834.9797375066582599,-25676.441237703260413,-25539.17847862495546,-25655.561277272295508
0.03241029,0.1137029,0.16970582089552236,0.2713226502018911,0.04867734979810887,0.32,2e-09,0.67,0.006872673954107271,0.8128609242504963,-739.7942000000000462,-648.612700000000018,-725.92396946682416864,-22291.963428865838068,-22087.871505255054217,-22260.917635251551179
0.03243636,0.3816111,0.5695688059701491,0.2713226502018911,0.04867734979810887,0.32,2e-09,0.67,0.006872673954107271,0.8128609242504963,-1459.8710000000000946,-1309.6279999999999291,-1437.016527919633502,-44082.134885351704725,-43777.26230882670643,-44035.758669566209765
0.03244555,0.1254962,0.18730776119402984,0.2713226502018911,0.04867734979810887,0.32,2e-09,0.67,0.006872673954107271,0.8128609242504963,-805.3813999999999851,-726.5520000000000209,-793.3901303807029273,-24327.145685101371782,-24176.706757823656517,-24304.261409206527146
0.03248874,0.3001383,0.4479676119402985,0.2713226502018911,0.04867734979810887,0.32,2e-09,0.67,0.006872673954107271,0.8128609242504963,-1309.3769999999999527,-1174.821999999999889,-1288.908934993485673,-39474.905670883439598,-39202.77988389577513,-39433.51078925129684
0.03250697,0.279304,0.41687164179104474,0.2713226502018911,0.04867734979810887,0.32,2e-09,0.67,0.006872673954107271,0.8128609242504963,-1265.6389999999998963,-1135.4829999999999472,-1245.8400964364915147,-38134.812021063167776,-37870.52289371984807,-38094.609226377140395
0.03255387,0.420431,0.6275089552238805,0.2713226502018911,0.04867734979810887,0.32,2e-09,0.67,0.006872673954107271,0.8128609242504963,-1528.1300000000001091,-1371.5670000000000073,-1504.3141502611208716,-45980.634630699067202,-45664.960722524076118,-45932.615351791655122
0.03255454,1.122129,1.6748194029850745,0.2713226502018911,0.04867734979810887,0.32,2e-09,0.67,0.006872673954107271,0.8128609242504963,-2196.987999999999829,-1972.2709999999999582,-2162.804787454432108,-66106.72299313195981,-65654.53656487479748,-66037.9378776874867
0.03256385,0.8928181,1.3325643283582087,0.2713226502018911,0.04867734979810887,0.32,2e-09,0.67,0.006872673954107271,0.8128609242504963,-2037.7390000000000327,-1829.3299999999999272,-2006.03650689351841,-61297.63179349928396,-60878.41175828928681,-61233.86141757336688
0.03257409,0.725422,1.0827194029850746,0.2713226502018911,0.04867734979810887,0.32,2e-09,0.67,0.006872673954107271,0.8128609242504963,-1895.0,-1701.2070000000001073,-1865.5208448455470414,-56986.106375692754227,-56596.401998180394003,-56926.825824748927406
0.03257719,0.4724233,0.7051094029850745,0.2713226502018911,0.04867734979810887,0.32,2e-09,0.67,0.006872673954107271,0.8128609242504963,-1605.9179999999998927,-1441.5750000000000455,-1580.9186821941541669,-48287.690145501743245,-47956.902040768392908,-48237.371744616870924
0.03258189,0.6202568,0.9257564179104478,0.2713226502018911,0.04867734979810887,0.32,2e-09,0.67,0.006872673954107271,0.8128609242504963,-1788.6369999999999436,-1605.7290000000000418,-1760.8136353222732878,-53774.78857058671565,-53406.986520843420294,-53718.839729862287026
0.03258834,0.5537535,0.8264977611940298,0.2713226502018911,0.04867734979810887,0.32,2e-09,0.67,0.006872673954107271,0.8128609242504963,-1712.4480000000000928,-1537.33400000000006,-1685.8102330232936111,-51474.01581638817879,-51121.90969118202338,-51420.454588192182918
0.03259371,0.5074852,0.7574405970149253,0.2713226502018911,0.04867734979810887,0.32,2e-09,0.67,0.006872673954107271,0.8128609242504963,-1654.3160000000000309,-1485.1479999999999109,-1628.5827190292296502,-49718.450083667354193,-49378.323830686844303,-49666.711194317811287
0.03261388,0.02235393,0.03336407462686567,0.2713226502018911,0.04867734979810887,0.32,2e-09,0.67,0.006872673954107271,0.8128609242504963,-169.27479999999999905,-149.57810000000000628,-166.27860263822370475,-5061.54020693475195,-5008.7229901379450894,-5053.505825255437061
0.03261705,0.05997769,0.08951894029850746,0.2713226502018911,0.04867734979810887,0.32,2e-09,0.67,0.006872673954107271,0.8128609242504963,-466.37409999999999854,-416.94110000000000582,-458.85451427321898232,-13996.028338914798951,-13884.6304915062573855,-13979.082863961479548
0.03263527,0.444178,0.6629522388059701,0.2713226502018911,0.04867734979810887,0.32,2e-09,0.67,0.006872673954107271,0.8128609242504963,-1568.071999999999889,-1407.9249999999999545,-1543.7109639433818551,-47067.67158797855518,-46746.28567048873083,-47018.78341696030767
0.03265152,0.3234845,0.48281268656716414,0.2713226502018911,0.04867734979810887,0.32,2e-09,0.67,0.006872673954107271,0.8128609242504963,-1363.6259999999999764,-1224.2840000000001055,-1342.4297522638496375,-40910.393549625565356,-40630.281964397647243,-40867.78389457355647
0.03268585,0.09644489,0.14394759701492538,0.2713226502018911,0.04867734979810887,0.32,2e-09,0.67,0.006872673954107271,0.8128609242504963,-686.077199999999948,-626.5366999999999962,-677.0200945448302192,-20603.22683915585003,-20491.139510654200421,-20586.1764826014424
0.0327148,0.0621715,0.09279328358208955,0.2713226502018911,0.04867734979810887,0.32,2e-09,0.67,0.006872673954107271,0.8128609242504963,-478.46719999999999118,-423.1863999999999919,-470.05806612900215732,-14297.708942952334837,-14169.762355776654658,-14278.246128016631711
0.0327165,0.3998498,0.5967907462686567,0.2713226502018911,0.04867734979810887,0.32,2e-09,0.67,0.006872673954107271,0.8128609242504963,-1502.9110000000000582,-1349.8269999999999982,-1479.6243643234571437,-45002.011095613350335,-44695.997280848314404,-44955.461278412188317
0.03273073,0.09331503,0.13927616417910446,0.2713226502018911,0.04867734979810887,0.32,2e-09,0.67,0.006872673954107271,0.8128609242504963,-673.2947000000000344,-619.1776999999999589,-665.0625995655491735,-20209.023386235829093,-20115.719959642850881,-20194.830375193237668
0.0327516,0.3651759,0.5450386567164178,0.2713226502018911,0.04867734979810887,0.32,2e-09,0.67,0.006872673954107271,0.8128609242504963,-1445.5519999999999072,-1298.4410000000000309,-1423.1739574807823502,-43238.85486455665523,-42945.056715925165918,-43194.16325439736489
0.03279377,0.1100229,0.16421328358208956,0.2713226502018911,0.04867734979810887,0.32,2e-09,0.67,0.006872673954107271,0.8128609242504963,-732.9397999999999911,-643.62810000000001764,-719.35399730636319715,-21833.116968298676511,-21633.533797306667111,-21802.757031335570401
0.03279927,0.3501742,0.5226480597014925,0.2713226502018911,0.04867734979810887,0.32,2e-09,0.67,0.006872673954107271,0.8128609242504963,-1420.5,-1276.2070000000001073,-1398.5506223924420384,-42429.214944660212495,-42141.994211510645982,-42385.52386935773832
0.03286429,0.07644035,0.11409007462686567,0.2713226502018911,0.04867734979810887,0.32,2e-09,0.67,0.006872673954107271,0.8128609242504963,-561.7961999999999989,-495.54599999999999227,-551.71843700126661025,-16705.407475797928782,-16566.473030748100427,-16684.273223983251471
0.03295832,0.06669717,0.09954801492537313,0.2713226502018911,0.04867734979810887,0.32,2e-09,0.67,0.006872673954107271,0.8128609242504963,-504.09730000000001837,-438.98320000000001073,-494.19235680472173172,-14924.737990235826146,-14772.887237689259564,-14901.6389521145279
0.03301313,0.2126535,0.3173932835820895,0.2713226502018911,0.04867734979810887,0.32,2e-09,0.67,0.006872673954107271,0.8128609242504963,-1117.3460000000000036,-1005.12599999999997635,-1100.2754618926756219,-33163.885204233782133,-32944.663690524816047,-33130.537947027270242
0.03302172,0.03231754,0.04823513432835821,0.2713226502018911,0.04867734979810887,0.32,2e-09,0.67,0.006872673954107271,0.8128609242504963,-253.19730000000001269,-219.90340000000000487,-248.13274119861481704,-7471.1821248401038247,-7396.236939521538261,-7459.7817092106161567
0.03309996,0.1579915,0.23580820895522386,0.2713226502018911,0.04867734979810887,0.32,2e-09,0.67,0.006872673954107271,0.8128609242504963,-937.52750000000003183,-832.82349999999996726,-921.6002711460587383,-27710.388957643157482,-27493.201440593147709,-27677.351105333075328
0.03318351,0.1214352,0.18124656716417908,0.2713226502018911,0.04867734979810887,0.32,2e-09,0.67,0.006872673954107271,0.8128609242504963,-798.99480000000005475,-714.3786000000000058,-786.1232613562914332,-23574.23226348998287,-23407.987205572680978,-23548.943610876082499
0.03322608,0.07390653,0.11030825373134327,0.2713226502018911,0.04867734979810887,0.32,2e-09,0.67,0.006872673954107271,0.8128609242504963,-550.25660000000004857,-481.55009999999998627,-539.8051927065507309,-16169.769312903750688,-16021.287169914114202,-16147.182696612876
0.03337434,0.09967645,0.14877082089552238,0.2713226502018911,0.04867734979810887,0.32,2e-09,0.67,0.006872673954107271,0.8128609242504963,-712.01089999999999236,-644.7218000000000302,-701.7751029428126779,-20921.681665278334549,-20788.899346632755623,-20901.483254741725249
0.03343912,0.3114546,0.4648576119402985,0.2713226502018911,0.04867734979810887,0.32,2e-09,0.67,0.006872673954107271,0.8128609242504963,-1371.8589999999999236,-1235.5950000000000273,-1351.13096752222014,-40209.151328030573495,-39946.473253695934545,-40169.193601440945937
0.03346991,0.0844944,0.1261110447761194,0.2713226502018911,0.04867734979810887,0.32,2e-09,0.67,0.006872673954107271,0.8128609242504963,-632.65850000000000364,-578.2459999999999809,-624.38144907534496225,-18556.444676418352174,-18466.549073467740527,-18542.770052324167244
0.0335711,0.09028274,0.13475035820895523,0.2713226502018911,0.04867734979810887,0.32,2e-09,0.67,0.006872673954107271,0.8128609242504963,-673.71100000000001273,-622.0923000000000229,-665.85893276242608796,-19728.077861330617452,-19647.308723675192596,-19715.791525185165408
0.03361574,0.06903942,0.10304391044776119,0.2713226502018911,0.04867734979810887,0.32,2e-09,0.67,0.006872673954107271,0.8128609242504963,-526.51940000000001874,-458.31740000000002055,-516.1447355908417934,-15284.467160545533261,-15131.643364864721661,-15261.220106296064535
0.03368697,0.04305212,0.06425689552238806,0.2713226502018911,0.04867734979810887,0.32,2e-09,0.67,0.006872673954107271,0.8128609242504963,-356.85919999999998709,-328.31049999999999045,-352.51646544943349335,-10403.012722742216283,-10359.433819854966714,-10396.383643055776836
0.03375715,0.243215,0.36300746268656714,0.2713226502018911,0.04867734979810887,0.32,2e-09,0.67,0.006872673954107271,0.8128609242504963,-1222.7339999999999236,-1098.4069999999999254,-1203.8217847864077141,-35490.78923098049563,-35250.01077919077943,-35454.16280310044748
0.03388886,0.07904679,0.11798028358208955,0.2713226502018911,0.04867734979810887,0.32,2e-09,0.67,0.006872673954107271,0.8128609242504963,-598.5244999999999891,-535.85540000000003147,-588.99148218052287945,-17294.169956889945752,-17176.303972753947164,-17276.240570205300843
0.0339604,0.2604496,0.3887307462686567,0.2713226502018911,0.04867734979810887,0.32,2e-09,0.67,0.006872673954107271,0.8128609242504963,-1277.0740000000000691,-1152.4980000000000473,-1258.1239077235961991,-36868.562808664042677,-36635.120069980264816,-36833.052265386730436
0.03417943,0.06440954,0.09613364179104478,0.2713226502018911,0.04867734979810887,0.32,2e-09,0.67,0.006872673954107271,0.8128609242504963,-510.5898000000000252,-449.7219000000000051,-501.33077481319901714,-14600.08089983640275,-14466.54973101665928,-14579.768576668935763
0.03433021,0.1030139,0.15375208955223882,0.2713226502018911,0.04867734979810887,0.32,2e-09,0.67,0.006872673954107271,0.8128609242504963,-742.7498000000000502,-666.66840000000001965,-731.17654712209424633,-21197.622188165794796,-21045.431685531304538,-21174.471468376139175
